LSOA code (2021),LSOA name (2021),Local Authority District code (2024),Local Authority District name (2024),Index of Multiple Deprivation (IMD) Score,Index of Multiple Deprivation (IMD) Rank (where 1 is most deprived),Index of Multiple Deprivation (IMD) Decile (where 1 is most deprived 10% of LSOAs),Income Score (rate),Income Rank (where 1 is most deprived),Income Decile (where 1 is most deprived 10% of LSOAs),Employment Score (rate),Employment Rank (where 1 is most deprived),Employment Decile (where 1 is most deprived 10% of LSOAs),"Education, Skills and Training Score","Education, Skills and Training Rank (where 1 is most deprived)","Education, Skills and Training Decile (where 1 is most deprived 10% of LSOAs)",Health Deprivation and Disability Score,Health Deprivation and Disability Rank (where 1 is most deprived),Health Deprivation and Disability Decile (where 1 is most deprived 10% of LSOAs),Crime Score,Crime Rank (where 1 is most deprived),Crime Decile (where 1 is most deprived 10% of LSOAs),Barriers to Housing and Services Score,Barriers to Housing and Services Rank (where 1 is most deprived),Barriers to Housing and Services Decile (where 1 is most deprived 10% of LSOAs),Living Environment Score,Living Environment Rank (where 1 is most deprived),Living Environment Decile (where 1 is most deprived 10% of LSOAs),Income Deprivation Affecting Children Index (IDACI) Score (rate),Income Deprivation Affecting Children Index (IDACI) Rank (where 1 is most deprived),Income Deprivation Affecting Children Index (IDACI) Decile (where 1 is most deprived 10% of LSOAs),Income Deprivation Affecting Older People (IDAOPI) Score (rate),Income Deprivation Affecting Older People (IDAOPI) Rank (where 1 is most deprived),Income Deprivation Affecting Older People (IDAOPI) Decile (where 1 is most deprived 10% of LSOAs),Children and Young People Sub-domain Score,Children and Young People Sub-domain Rank (where 1 is most deprived),Children and Young People Sub-domain Decile (where 1 is most deprived 10% of LSO,Adult Skills Sub-domain Score,Adult Skills Sub-domain Rank (where 1 is most deprived),Adult Skills Sub-domain Decile (where 1 is most deprived 10% of LSOAs),Geographical Barriers Sub-domain Score,Geographical Barriers Sub-domain Rank (where 1 is most deprived),Geographical Barriers Sub-domain Decile (where 1 is most deprived 10% of LSOAs),Wider Barriers Sub-domain Score,Wider Barriers Sub-domain Rank (where 1 is most deprived),Wider Barriers Sub-domain Decile (where 1 is most deprived 10% of LSOAs),Indoors Sub-domain Score,Indoors Sub-domain Rank (where 1 is most deprived),Indoors Sub-domain Decile (where 1 is most deprived 10% of LSOAs),Outdoors Sub-domain Score,Outdoors Sub-domain Rank (where 1 is most deprived),Outdoors Sub-domain Decile (where 1 is most deprived 10% of LSOAs),Total population: mid 2022,Dependent Children aged 0-15: mid 2022,Older population aged 60 and over: mid 2022,Working age population 18-66 (for use with Employment Deprivation Domain): mid 2022
E01008881,Birmingham 067A,E08000025,Birmingham,43.521,3696,2,0.494,2652,1,0.219,5429,2,44.185,4457,2,0.634,8150,3,1.239,2445,1,24.047,11979,4,41.59,4384,2,0.675,2840,1,0.347,6342,2,0.633,8051,3,0.399,2512,1,21.719,27404,9,3.495,4748,2,0.666,5512,2,0.85,4432,2,1796,446,316,1081
E01008882,Birmingham 066A,E08000025,Birmingham,54.881,1607,1,0.631,573,1,0.29,2135,1,49.571,3325,1,1.101,3865,2,0.957,4451,2,26.198,9712,3,34.674,7029,3,0.744,1555,1,0.542,1830,1,0.114,14769,5,0.484,591,1,22.055,27159,9,3.917,3901,2,0.56,6772,3,0.488,8042,3,2082,626,259,1241
E01008883,Birmingham 078A,E08000025,Birmingham,54.548,1650,1,0.655,400,1,0.268,2911,1,50.241,3198,1,0.967,4906,2,0.881,5141,2,20.609,16219,5,48.577,2534,1,0.856,471,1,0.383,5207,2,0.48,9786,3,0.453,1007,1,21.513,27552,9,2.68,6519,2,0.924,2860,1,0.62,6566,2,2023,557,283,1238
E01008884,Birmingham 078B,E08000025,Birmingham,56.441,1403,1,0.633,558,1,0.277,2572,1,57.486,1958,1,0.786,6598,2,0.408,10797,4,25.578,10302,4,64.362,550,1,0.751,1455,1,0.406,4535,2,0.592,8490,3,0.499,442,1,20.882,28011,9,3.868,4004,2,1.276,840,1,0.673,6031,2,2232,684,254,1341
E01008885,Birmingham 076A,E08000025,Birmingham,21.036,13895,5,0.271,11069,4,0.121,15102,5,25.453,11128,4,0.111,14758,5,0.45,10225,4,18.21,19544,6,21.399,14328,5,0.501,7978,3,0.103,21563,7,0.17,13972,5,0.303,8430,3,25.266,24473,8,1.715,9193,3,0.26,11052,4,-0.188,19149,6,1310,271,307,819
E01008886,Birmingham 076B,E08000025,Birmingham,52.887,1892,1,0.557,1478,1,0.289,2176,1,37.426,6220,2,1.29,2662,1,1.838,475,1,19.99,17047,6,32.518,8065,3,0.751,1461,1,0.391,4965,2,0.876,5593,2,0.321,7040,3,22.097,27129,9,2.472,7017,3,0.457,8141,3,0.555,7288,3,1565,366,336,971
E01008887,Birmingham 078C,E08000025,Birmingham,49.847,2390,1,0.582,1123,1,0.275,2627,1,41.381,5143,2,1.18,3336,1,0.866,5263,2,17.767,20200,6,40.475,4759,2,0.765,1267,1,0.328,7032,3,0.676,7558,3,0.376,3560,2,22.906,26487,8,1.83,8823,3,0.574,6591,2,0.992,3442,2,1969,592,240,1184
E01008888,Birmingham 076C,E08000025,Birmingham,18.506,15924,5,0.234,13263,4,0.117,15666,5,18.505,15421,5,0.209,13384,4,0.273,12700,4,15.356,23703,8,22.331,13690,5,0.401,11921,4,0.087,23724,8,0.048,15736,5,0.247,14021,5,26.112,23703,8,0.829,12301,4,0.333,9945,3,-0.301,21238,7,1649,350,345,1044
E01008889,Birmingham 078D,E08000025,Birmingham,49.277,2481,1,0.451,3740,2,0.292,2072,1,39.811,5544,2,1.47,1796,1,0.483,9771,3,22.161,14232,5,57.408,1108,1,0.614,4335,2,0.286,8718,3,0.418,10588,4,0.391,2885,1,23.276,26171,8,2.908,5956,2,1.058,1913,1,0.931,3847,2,1796,372,325,1156
E01008890,Birmingham 089A,E08000025,Birmingham,35.314,6055,2,0.416,4811,2,0.218,5510,2,28.088,9821,3,0.986,4743,2,0.782,6086,2,17.95,19922,6,26.739,11099,4,0.564,5808,2,0.276,9111,3,0.177,13868,5,0.327,6665,2,23.893,25668,8,1.787,8963,3,0.43,8485,3,-0.017,15855,5,1874,409,337,1248
E01008891,Birmingham 089B,E08000025,Birmingham,23.309,12237,4,0.264,11436,4,0.145,11860,4,24.504,11648,4,0.348,11561,4,0.405,10836,4,21.445,15132,5,23.576,12921,4,0.511,7619,3,0.173,15004,5,0.447,10233,4,0.26,12568,4,27.292,22563,7,2.316,7435,3,0.341,9807,3,-0.142,18232,6,1616,297,396,1045
E01008892,Birmingham 089C,E08000025,Birmingham,52.968,1879,1,0.555,1526,1,0.32,1339,1,43.052,4720,2,1.54,1522,1,1.001,4087,2,18.221,19523,6,29.854,9340,3,0.699,2359,1,0.584,1293,1,0.745,6821,3,0.38,3370,1,23.566,25948,8,1.887,8646,3,0.61,6173,2,-0.258,20443,7,1457,349,187,937
E01008893,Birmingham 089D,E08000025,Birmingham,33.621,6706,2,0.354,7037,3,0.212,5863,2,28.017,9863,3,0.89,5555,2,0.962,4407,2,18.294,19427,6,28.646,10022,3,0.496,8181,3,0.203,13044,4,0.583,8611,3,0.277,10861,4,22.968,26432,8,1.974,8426,3,0.437,8391,3,0.197,12229,4,1744,365,327,1158
E01008894,Birmingham 089E,E08000025,Birmingham,40.788,4390,2,0.378,6130,2,0.228,4893,2,29.092,9369,3,1.194,3256,1,1.319,2008,1,14.582,24761,8,50.764,2099,1,0.507,7760,3,0.294,8362,3,0.3,12178,4,0.323,6943,3,17.359,30153,9,1.373,10315,4,0.962,2569,1,0.688,5888,2,1671,258,452,1059
E01008895,Birmingham 089F,E08000025,Birmingham,25.551,10756,4,0.304,9345,3,0.162,9978,3,21.847,13137,4,0.795,6486,2,0.378,11223,4,17.353,20778,7,21.218,14449,5,0.45,9944,3,0.221,11961,4,0.247,12884,4,0.259,12689,4,21.981,27217,9,1.802,8909,3,0.179,12360,4,0.019,15198,5,1909,454,318,1229
E01008896,Birmingham 066B,E08000025,Birmingham,52.873,1894,1,0.607,816,1,0.277,2562,1,57.47,1962,1,1.257,2846,1,0.551,8870,3,26.331,9583,3,26.217,11408,4,0.708,2192,1,0.375,5451,2,0.944,5006,2,0.453,1009,1,25.272,24465,8,3.71,4315,2,0.379,9238,3,0.081,14108,5,1963,630,196,1137
E01008897,Birmingham 067B,E08000025,Birmingham,40.084,4546,2,0.486,2843,1,0.231,4725,2,40.542,5345,2,0.867,5788,2,0.415,10715,4,24.549,11383,4,30.103,9205,3,0.597,4823,2,0.42,4200,2,0.462,10026,3,0.391,2848,1,26.507,23328,7,3.183,5378,2,0.452,8208,3,0.317,10331,4,2040,564,346,1170
E01008898,Birmingham 066C,E08000025,Birmingham,54.925,1600,1,0.665,344,1,0.299,1871,1,54.896,2353,1,1.144,3560,2,0.639,7768,3,22.363,13962,5,24.662,12283,4,0.807,821,1,0.527,2054,1,0.503,9547,3,0.489,548,1,23.017,26395,8,2.981,5792,2,0.342,9792,3,-0.001,15568,5,1746,538,208,1042
E01008899,Birmingham 037A,E08000025,Birmingham,65.002,591,1,0.73,128,1,0.338,989,1,64.119,1100,1,1.233,2999,1,0.484,9747,3,32.402,5171,2,41.461,4424,2,0.866,416,1,0.649,734,1,0.683,7481,3,0.553,118,1,20.224,28489,9,5.128,1974,1,0.392,9040,3,1.539,1235,1,1319,321,171,834
E01008901,Birmingham 037C,E08000025,Birmingham,61.574,851,1,0.722,144,1,0.37,513,1,51.872,2887,1,1.049,4240,2,0.468,9988,3,29.886,6646,2,29.938,9291,3,0.875,372,1,0.607,1061,1,0.216,13317,4,0.493,493,1,17.711,29941,9,4.811,2421,1,-0.012,15964,5,1.283,2036,1,1834,442,277,1118
E01008905,Birmingham 040A,E08000025,Birmingham,60.843,909,1,0.707,184,1,0.278,2542,1,62.456,1276,1,1.018,4480,2,0.514,9335,3,25.038,10836,4,61.364,765,1,0.797,914,1,0.887,91,1,0.466,9981,3,0.582,50,1,15.701,30925,10,3.979,3785,2,1.206,1112,1,0.683,5937,2,1962,530,160,1248
E01008906,Birmingham 049A,E08000025,Birmingham,58.767,1118,1,0.739,106,1,0.292,2065,1,63.097,1199,1,0.808,6373,2,0.435,10437,4,28.422,7783,3,39.658,5062,2,0.868,401,1,0.941,56,1,0.494,9642,3,0.592,39,1,14.768,31304,10,4.647,2670,1,0.769,4356,2,0.325,10229,4,1956,609,125,1200
E01008907,Birmingham 040B,E08000025,Birmingham,68.923,329,1,0.695,218,1,0.384,393,1,55.656,2240,1,1.513,1620,1,1.355,1830,1,28.818,7442,3,38.193,5603,2,0.745,1549,1,0.771,240,1,0.718,7120,3,0.468,782,1,15.575,30967,10,4.695,2597,1,0.426,8540,3,1.143,2613,1,1856,444,240,1211
E01008909,Birmingham 041D,E08000025,Birmingham,52.289,1978,1,0.731,125,1,0.263,3102,1,50.511,3148,1,0.62,8317,3,0.54,9013,3,31.653,5619,2,19.959,15327,5,0.891,307,1,0.66,660,1,0.315,11954,4,0.471,726,1,13.735,31660,10,5.206,1882,1,-0.302,22185,7,0.838,4528,2,2160,675,177,1291
E01008910,Birmingham 050A,E08000025,Birmingham,67.879,396,1,0.699,208,1,0.431,139,1,58.181,1855,1,1.537,1540,1,-0.189,19576,6,38.408,2617,1,30.336,9097,3,0.858,463,1,0.798,180,1,0.452,10178,4,0.526,258,1,15.317,31070,10,6.221,874,1,0.033,15077,5,1.235,2221,1,1826,555,134,1123
E01008911,Birmingham 049B,E08000025,Birmingham,57.742,1239,1,0.748,89,1,0.313,1499,1,54.958,2344,1,0.602,8502,3,0.636,7804,3,31.893,5471,2,29.108,9777,3,0.902,273,1,0.443,3631,2,0.155,14199,5,0.531,230,1,12.911,31857,10,5.257,1820,1,-0.022,16208,5,1.227,2258,1,1952,711,183,1053
E01008913,Birmingham 050B,E08000025,Birmingham,61.451,862,1,0.664,350,1,0.374,474,1,45.38,4187,2,1.274,2745,1,0.824,5653,2,32.158,5303,2,24.917,12131,4,0.757,1367,1,0.912,76,1,-0.085,17697,6,0.466,805,1,11.918,32146,10,5.323,1749,1,-0.267,21429,7,1.243,2181,1,2235,615,309,1312
E01008915,Birmingham 030A,E08000025,Birmingham,58.151,1197,1,0.679,281,1,0.271,2803,1,52.405,2783,1,0.892,5535,2,0.521,9221,3,24.971,10912,4,68.479,302,1,0.819,727,1,0.471,3006,1,0.503,9550,3,0.467,787,1,22.612,26708,8,3.633,4470,2,1.228,1009,1,1.233,2228,1,1747,577,144,1051
E01008916,Birmingham 037E,E08000025,Birmingham,74.722,136,1,0.804,28,1,0.373,488,1,62.633,1254,1,1.383,2194,1,1.115,3214,1,33.614,4512,2,65.081,507,1,0.95,157,1,0.811,159,1,0.592,8494,3,0.552,123,1,20.007,28614,9,5.347,1723,1,1.087,1723,1,1.524,1275,1,1704,528,112,1057
E01008917,Birmingham 102A,E08000025,Birmingham,19.348,15238,5,0.254,12014,4,0.165,9715,3,21.433,13408,4,0.228,13134,4,-0.41,22647,7,14.286,25139,8,9.604,24190,8,0.428,10813,4,0.176,14843,5,0.03,16002,5,0.279,10589,4,32.965,16760,5,-0.724,19189,6,-0.227,20557,7,-0.573,26088,8,1228,223,350,743
E01008918,Birmingham 094A,E08000025,Birmingham,51.741,2075,1,0.561,1425,1,0.349,808,1,40.117,5456,2,1.261,2823,1,1.174,2816,1,18.222,19521,6,8.884,25004,8,0.715,2064,1,0.465,3150,1,0.983,4679,2,0.328,6536,2,30.838,18933,6,0.929,11935,4,-0.264,21375,7,-0.6,26494,8,1728,435,316,1011
E01008919,Birmingham 095A,E08000025,Birmingham,32.75,7053,3,0.364,6649,2,0.222,5246,2,29.162,9330,3,0.775,6694,2,1.08,3447,2,16.002,22793,7,13.846,20092,6,0.518,7377,3,0.223,11874,4,0.414,10647,4,0.31,7911,3,30.458,19341,6,0.354,14261,5,-0.101,17847,6,-0.199,19362,6,1638,346,386,1001
E01008920,Birmingham 094B,E08000025,Birmingham,18.087,16292,5,0.231,13499,4,0.147,11643,4,16.424,16980,6,0.257,12740,4,-0.138,18852,6,14.897,24328,8,13.854,20087,6,0.447,10061,3,0.113,20493,7,-0.459,23382,7,0.272,11328,4,31.486,18235,6,-0.187,16702,5,-0.145,18810,6,-0.082,17108,6,1285,213,351,799
E01008921,Birmingham 094C,E08000025,Birmingham,35.886,5833,2,0.358,6873,3,0.238,4373,2,37.958,6054,2,0.82,6253,2,1.016,3978,2,19.883,17191,6,20.861,14693,5,0.496,8150,3,0.196,13523,5,1.09,3862,2,0.291,9575,3,35.211,14506,5,0.548,13444,4,0.054,14665,5,0.291,10751,4,1441,296,386,867
E01008923,Birmingham 102B,E08000025,Birmingham,50.758,2239,1,0.477,3070,1,0.314,1476,1,42.822,4777,2,1.43,1972,1,1.539,1130,1,23.893,12152,4,15.863,18409,6,0.686,2615,1,0.351,6189,2,1.077,3970,2,0.336,5960,2,30.637,19154,6,2.467,7032,3,-0.052,16845,5,-0.049,16420,5,1536,365,320,897
E01008924,Birmingham 101A,E08000025,Birmingham,26.78,10004,3,0.274,10915,4,0.185,7821,3,21.19,13567,5,0.901,5459,2,0.679,7273,3,14.383,25034,8,20.233,15129,5,0.511,7632,3,0.233,11297,4,0.104,14919,5,0.269,11619,4,29.494,20337,7,0.041,15673,5,0.152,12855,4,-0.029,16070,5,1520,245,407,931
E01008925,Birmingham 102C,E08000025,Birmingham,14.046,20353,7,0.146,20504,7,0.116,15873,5,22.525,12736,4,0.173,13905,5,-0.671,26210,8,13.217,26487,8,12.606,21225,7,0.289,17362,6,0.067,27009,9,0.341,11609,4,0.254,13247,4,33.063,16656,5,-1.174,21232,7,-0.034,16444,5,-0.71,28115,9,1205,176,415,708
E01008927,Birmingham 102D,E08000025,Birmingham,65.18,580,1,0.592,982,1,0.396,303,1,59.493,1657,1,1.732,896,1,1.196,2686,1,31.978,5416,2,16.132,18188,6,0.758,1353,1,0.449,3494,2,1.592,1193,1,0.375,3613,2,34.496,15193,5,3.773,4196,2,0.019,15341,5,-0.213,19612,6,1267,285,264,778
E01008928,Birmingham 102E,E08000025,Birmingham,59.686,1027,1,0.579,1168,1,0.358,686,1,56.625,2090,1,1.501,1671,1,1.163,2902,1,31.006,5978,2,12.102,21692,7,0.738,1659,1,0.513,2284,1,1.201,3101,1,0.414,1959,1,32.854,16874,5,3.817,4115,2,-0.218,20364,7,-0.152,18432,6,1514,335,339,921
E01008929,Birmingham 106C,E08000025,Birmingham,61.238,883,1,0.574,1237,1,0.372,497,1,66.327,860,1,1.342,2389,1,1.233,2478,1,27.493,8518,3,13.042,20832,7,0.658,3206,1,0.51,2329,1,1.944,434,1,0.373,3737,2,31.844,17859,6,3.163,5410,2,-0.181,19588,6,-0.104,17556,6,1598,390,333,935
E01008930,Birmingham 106D,E08000025,Birmingham,26.67,10070,3,0.298,9629,3,0.195,7026,3,20.888,13760,5,0.711,7327,3,0.554,8835,3,24.108,11905,4,3.459,31170,10,0.369,13349,4,0.305,7926,3,0.309,12063,4,0.241,14768,5,34.589,15103,5,1.835,8805,3,-1.016,32403,10,-0.36,22318,7,2001,514,318,1237
E01008931,Birmingham 094D,E08000025,Birmingham,44.912,3376,2,0.5,2517,1,0.308,1646,1,33.554,7567,3,1.123,3711,2,1.118,3191,1,18.123,19680,6,10.563,23194,7,0.642,3601,2,0.396,4819,2,0.642,7928,3,0.321,7112,3,32.69,17034,6,0.559,13399,4,-0.095,17724,6,-1.094,31937,10,1474,360,258,888
E01008932,Birmingham 111A,E08000025,Birmingham,44.798,3411,2,0.524,2016,1,0.263,3119,1,31.388,8373,3,1.108,3817,2,1.08,3448,2,18.252,19479,6,32.571,8046,3,0.77,1204,1,0.324,7193,3,0.144,14357,5,0.356,4716,2,24.343,25309,8,1.824,8847,3,0.426,8534,3,0.631,6468,2,1688,401,302,1050
E01008933,Birmingham 105A,E08000025,Birmingham,26.67,10069,3,0.365,6612,2,0.179,8411,3,25.602,11058,4,0.175,13873,5,0.512,9361,3,16.908,21438,7,21.346,14364,5,0.505,7855,3,0.307,7823,3,0.275,12479,4,0.294,9328,3,27.398,22490,7,1.106,11281,4,0.11,13619,5,0.216,11892,4,1598,394,290,982
E01008934,Birmingham 105B,E08000025,Birmingham,16.043,18196,6,0.212,14784,5,0.121,15170,5,8.283,24477,8,0.149,14233,5,-0.045,17449,6,13.971,25559,8,25.692,11699,4,0.277,18025,6,0.194,13674,5,-0.68,26298,8,0.195,20841,7,29.372,20451,7,-0.068,16169,5,0.328,10041,3,0.171,12595,4,1452,286,389,878
E01008935,Birmingham 111B,E08000025,Birmingham,56.701,1367,1,0.612,770,1,0.343,891,1,37.999,6043,2,1.701,978,1,0.973,4312,2,19.426,17821,6,23.624,12893,4,0.776,1106,1,0.498,2524,1,0.623,8157,3,0.358,4554,2,25.781,23989,8,1.98,8398,3,0.365,9450,3,-0.218,19701,6,1855,493,331,1092
E01008936,Birmingham 111C,E08000025,Birmingham,28.946,8811,3,0.373,6304,2,0.21,5969,2,18.574,15370,5,0.492,9745,3,0.298,12320,4,18.116,19688,6,28.197,10268,4,0.635,3791,2,0.161,15910,5,-0.343,21640,7,0.285,10091,3,25.897,23902,8,1.623,9500,3,0.501,7545,3,-0.06,16662,5,1674,356,459,987
E01008937,Birmingham 115A,E08000025,Birmingham,33.149,6874,3,0.414,4880,2,0.224,5126,2,27.023,10343,4,0.762,6831,3,0.436,10421,4,22.582,13708,5,17.199,17362,6,0.491,8367,3,0.359,5919,2,0.147,14296,5,0.32,7128,3,29.17,20670,7,2.355,7333,3,0.209,11854,4,-0.893,30323,9,1696,440,405,948
E01008938,Birmingham 111D,E08000025,Birmingham,44.501,3472,2,0.537,1790,1,0.29,2151,1,35.196,6996,3,1.227,3043,1,0.44,10363,4,21.75,14729,5,12.803,21039,7,0.623,4085,2,0.46,3244,1,0.659,7739,3,0.332,6258,2,29.726,20108,6,2.065,8145,3,-0.056,16913,6,-0.543,25590,8,1680,490,224,976
E01008939,Birmingham 111E,E08000025,Birmingham,32.497,7170,3,0.373,6311,2,0.209,6091,2,34.344,7293,3,0.79,6549,2,0.59,8365,3,21.98,14460,5,16.291,18087,6,0.498,8074,3,0.342,6516,2,0.245,12919,4,0.369,3976,2,28.692,21170,7,2.269,7561,3,0.053,14698,5,-0.296,21153,7,1663,355,323,1056
E01008940,Birmingham 115B,E08000025,Birmingham,55.997,1466,1,0.543,1691,1,0.309,1607,1,53.905,2520,1,1.76,833,1,1.248,2381,1,24.372,11602,4,20.313,15084,5,0.763,1287,1,0.409,4463,2,1.437,1830,1,0.362,4301,2,28.529,21335,7,2.886,6009,2,0.279,10744,4,-0.449,23991,8,1601,402,316,924
E01008941,Birmingham 115C,E08000025,Birmingham,41.563,4195,2,0.447,3849,2,0.269,2890,1,42.975,4740,2,1.091,3931,2,0.861,5308,2,24.085,11929,4,7.826,26196,8,0.627,4006,2,0.389,5011,2,1.116,3667,2,0.331,6341,2,28.702,21165,7,2.791,6224,2,-0.256,21186,7,-1.047,31602,10,1602,398,250,1001
E01008942,Birmingham 117A,E08000025,Birmingham,39.026,4856,2,0.447,3848,2,0.22,5351,2,42.834,4771,2,0.938,5136,2,0.593,8335,3,30.639,6210,2,15.177,18977,6,0.701,2310,1,0.313,7593,3,0.857,5788,2,0.366,4087,2,28.154,21732,7,4.31,3232,1,0.043,14870,5,-0.467,24277,8,1623,374,310,1029
E01008943,Birmingham 117B,E08000025,Birmingham,45.149,3321,1,0.414,4898,2,0.276,2584,1,38.179,5993,2,1.338,2411,1,1.15,2992,1,31.839,5495,2,17.521,17112,6,0.544,6462,2,0.396,4820,2,0.778,6514,2,0.342,5638,2,27.048,22808,7,4.619,2715,1,0.039,14950,5,-0.074,16945,6,1460,318,285,919
E01008944,Birmingham 115D,E08000025,Birmingham,37.745,5224,2,0.4,5320,2,0.239,4304,2,35.257,6976,3,0.713,7303,3,0.976,4295,2,28.679,7572,3,19.594,15604,5,0.598,4777,2,0.283,8848,3,1.114,3683,2,0.258,12777,4,33.059,16662,5,3.27,5206,2,0.296,10477,4,-0.718,28246,9,1809,412,357,1114
E01008945,Birmingham 122A,E08000025,Birmingham,35.441,6006,2,0.385,5875,2,0.192,7287,3,36.535,6516,2,0.889,5561,2,0.869,5230,2,28.736,7523,3,20.373,15031,5,0.681,2730,1,0.216,12248,4,0.737,6906,3,0.333,6198,2,27.638,22231,7,3.975,3798,2,0.2,11983,4,-0.157,18512,6,1789,378,352,1152
E01008946,Birmingham 122B,E08000025,Birmingham,39.146,4815,2,0.371,6382,2,0.227,4940,2,33.116,7727,3,1.297,2627,1,0.662,7468,3,33.592,4524,2,23.927,12709,4,0.532,6880,3,0.312,7625,3,0.362,11316,4,0.349,5144,2,28.997,20871,7,4.745,2515,1,0.374,9308,3,-0.206,19498,6,1493,301,359,942
E01008947,Birmingham 122C,E08000025,Birmingham,24.412,11484,4,0.269,11184,4,0.144,12085,4,21.409,13427,4,0.862,5844,2,0.255,12983,4,20.855,15869,5,23.28,13077,4,0.447,10066,3,0.183,14349,5,-0.016,16670,5,0.284,10180,4,27.995,21883,7,2.077,8102,3,0.312,10263,4,-0.085,17167,6,1351,298,304,831
E01008948,Birmingham 122D,E08000025,Birmingham,21.821,13287,4,0.212,14809,5,0.123,14739,5,19.233,14918,5,0.443,10365,4,0.818,5721,2,15.774,23117,7,31.992,8316,3,0.384,12697,4,0.099,22130,7,0.035,15916,5,0.256,12984,4,29.264,20560,7,0.487,13685,5,0.556,6828,3,0.219,11849,4,1473,257,393,931
E01008949,Birmingham 122E,E08000025,Birmingham,8.711,26568,8,0.114,24193,8,0.071,25297,8,11.347,21438,7,-0.3,20830,7,-0.66,26042,8,14.692,24603,8,18.008,16766,5,0.181,24413,8,0.065,27363,9,-0.571,24935,8,0.225,16740,5,32.267,17450,6,-0.428,17777,6,0.178,12378,4,-0.472,24380,8,1190,190,346,747
E01008950,Birmingham 113A,E08000025,Birmingham,21.207,13751,5,0.261,11627,4,0.2,6676,2,9.122,23592,7,0.578,8777,3,-0.14,18868,6,8.575,31368,10,14.512,19522,6,0.177,24700,8,0.307,7817,3,-0.793,27583,9,0.212,18436,6,25.761,24012,8,-1.398,22248,7,-0.154,19003,6,0.022,15144,5,1422,207,572,790
E01008951,Birmingham 112A,E08000025,Birmingham,13.011,21434,7,0.143,20846,7,0.106,17564,6,2.405,31259,10,0.1,14936,5,-0.355,21871,7,7.51,32153,10,36.656,6202,2,0.095,30716,10,0.223,11847,4,-1.191,30949,10,0.131,29784,9,20.727,28117,9,-1.091,20872,7,0.599,6297,2,0.58,7020,3,1367,257,327,848
E01008952,Birmingham 112B,E08000025,Birmingham,24.914,11169,4,0.211,14835,5,0.123,14777,5,14.292,18727,6,0.443,10372,4,0.938,4617,2,19.544,17645,6,51.791,1905,1,0.383,12706,4,0.188,14045,5,0.231,13106,4,0.171,24470,8,19.501,28928,9,2.543,6837,3,0.942,2724,1,0.853,4410,2,1800,247,216,1386
E01008953,Birmingham 107A,E08000025,Birmingham,26.183,10392,4,0.317,8716,3,0.198,6828,3,20.75,13856,5,0.474,9977,3,0.038,16221,5,13.121,26605,8,31.991,8318,3,0.448,10017,3,0.187,14095,5,0.019,16170,5,0.274,11145,4,22.679,26662,8,0.569,13345,4,0.437,8399,3,0.55,7345,3,1620,362,335,1033
E01008954,Birmingham 113B,E08000025,Birmingham,12.794,21667,7,0.188,16634,5,0.12,15316,5,12.322,20495,7,0.044,15765,5,-0.525,24267,8,7.031,32467,10,8.208,25755,8,0.323,15559,5,0.128,18839,6,-0.312,21147,7,0.214,18113,6,27.039,22817,7,-2.524,26842,8,-0.437,25027,8,-0.248,20262,7,1430,266,509,778
E01008955,Birmingham 112C,E08000025,Birmingham,19.418,15172,5,0.165,18623,6,0.135,13227,4,5.309,27892,9,0.696,7483,3,0.214,13603,5,11.294,28815,9,42.272,4168,2,0.212,22177,7,0.154,16459,5,-0.781,27440,9,0.161,25994,8,21.957,27234,9,0.101,15385,5,0.676,5397,2,0.881,4179,2,1617,267,300,1132
E01008956,Birmingham 112D,E08000025,Birmingham,12.238,22325,7,0.128,22449,7,0.088,21288,7,1.953,31780,10,0.338,11688,4,0.064,15847,5,7.648,32071,10,30.185,9164,3,0.112,29617,9,0.197,13457,4,-1.399,32032,10,0.13,29948,9,24.928,24790,8,-1.657,23393,7,0.453,8203,3,0.325,10218,4,1403,288,368,843
E01008957,Birmingham 112E,E08000025,Birmingham,33.628,6702,2,0.367,6536,2,0.211,5917,2,19.362,14821,5,0.943,5101,2,0.497,9583,3,22.461,13840,5,40.613,4711,2,0.678,2772,1,0.207,12840,4,0.295,12230,4,0.225,16697,5,22.852,26526,8,3.021,5709,2,0.725,4849,2,0.585,6954,3,1611,325,253,1121
E01008958,Birmingham 113C,E08000025,Birmingham,34.924,6200,2,0.387,5796,2,0.273,2727,1,38.193,5984,2,0.92,5310,2,0.415,10714,4,9.797,30342,9,6.964,27140,9,0.57,5639,2,0.284,8814,3,1.124,3614,2,0.286,9972,3,26.386,23447,7,-0.995,20443,7,-0.396,24176,8,-0.593,26397,8,1560,272,512,883
E01008959,Birmingham 116A,E08000025,Birmingham,14.13,20264,7,0.176,17601,6,0.113,16324,5,5.579,27559,9,0.157,14129,5,-0.024,17127,6,9.304,30771,10,25.966,11547,4,0.219,21753,7,0.151,16701,5,-0.958,29190,9,0.175,23856,8,27.032,22827,7,-1.333,21939,7,0.389,9107,3,0.023,15135,5,1727,289,577,955
E01008960,Birmingham 116B,E08000025,Birmingham,12.099,22493,7,0.113,24274,8,0.079,23373,7,2.07,31646,10,0.246,12888,4,-0.414,22692,7,6.083,32912,10,44.017,3667,2,0.171,25179,8,0.143,17388,6,-1.346,31790,10,0.13,29866,9,23.745,25795,8,-2.245,25822,8,0.88,3243,1,0.336,10062,3,1543,264,296,1076
E01008961,Birmingham 116C,E08000025,Birmingham,20.686,14182,5,0.175,17663,6,0.123,14841,5,5.832,27255,9,0.39,11038,4,0.637,7791,3,12.74,27108,9,51.533,1968,1,0.303,16607,5,0.158,16142,5,-0.718,26717,8,0.164,25490,8,23.599,25908,8,0.362,14217,5,0.881,3236,1,1.049,3108,1,1439,208,394,936
E01008962,Birmingham 116D,E08000025,Birmingham,58.317,1175,1,0.625,617,1,0.367,554,1,36.88,6394,2,1.316,2524,1,1.548,1103,1,19.567,17613,6,17.718,16963,6,0.87,393,1,0.227,11638,4,0.974,4752,2,0.3,8674,3,26.864,22990,7,1.883,8663,3,-0.041,16604,5,0.154,12874,4,2103,591,339,1224
E01008963,Birmingham 107B,E08000025,Birmingham,30.673,7960,3,0.332,8026,3,0.189,7544,3,20.882,13766,5,0.817,6280,2,0.74,6554,2,18.035,19817,6,37.624,5828,2,0.504,7869,3,0.229,11538,4,0.29,12287,4,0.243,14508,5,25.263,24476,8,1.669,9340,3,0.629,5959,2,0.593,6871,3,1478,319,290,960
E01008964,Birmingham 107C,E08000025,Birmingham,35.325,6051,2,0.374,6251,2,0.221,5323,2,23.722,12036,4,1.484,1742,1,0.312,12126,4,22.519,13781,5,23.21,13120,4,0.532,6890,3,0.335,6776,3,0.322,11878,4,0.269,11624,4,27.222,22646,7,2.597,6707,2,0.276,10791,4,0.005,15456,5,1457,278,333,900
E01008965,Birmingham 107D,E08000025,Birmingham,14.639,19722,6,0.183,17014,6,0.09,20730,7,5.088,28155,9,0.199,13548,5,0.196,13870,5,12.957,26791,8,32.71,7984,3,0.314,16015,5,0.155,16339,5,-0.9,28633,9,0.165,25401,8,22.422,26860,8,0.549,13442,4,0.56,6780,3,0.287,10807,4,1443,280,308,930
E01008966,Birmingham 107E,E08000025,Birmingham,46.038,3170,1,0.535,1820,1,0.29,2155,1,25.504,11102,4,1.263,2806,1,1.204,2639,1,17.408,20699,7,21.244,14438,5,0.702,2306,1,0.47,3047,1,0.019,16164,5,0.319,7225,3,23.827,25717,8,1.649,9398,3,0.239,11371,4,-0.148,18355,6,1833,449,283,1150
E01008967,Birmingham 110A,E08000025,Birmingham,9.948,25043,8,0.107,25105,8,0.091,20524,7,3.763,29683,9,-0.121,18203,6,0.008,16657,5,10.259,29914,9,22.344,13681,5,0.144,27288,9,0.093,22909,7,-1.24,31220,10,0.16,26187,8,25.44,24284,8,-0.675,18942,6,0.203,11947,4,0.092,13899,5,1594,296,462,954
E01008968,Birmingham 110B,E08000025,Birmingham,10.614,24236,8,0.119,23507,7,0.088,21207,7,2.051,31672,10,-0.237,19920,6,-0.187,19563,6,10.22,29948,9,34.27,7221,3,0.152,26630,8,0.119,19777,6,-1.834,33276,10,0.142,28577,9,23.671,25857,8,-0.441,17844,6,0.282,10689,4,1.1,2828,1,1816,371,473,1055
E01008969,Birmingham 117C,E08000025,Birmingham,15.945,18295,6,0.221,14156,5,0.113,16429,5,8.938,23794,8,0.244,12922,4,-0.33,21537,7,11.178,28951,9,29.444,9574,3,0.315,15960,5,0.186,14135,5,-0.583,25099,8,0.197,20607,7,28.473,21398,7,-0.859,19817,6,0.625,5990,2,-0.407,23219,7,1646,333,394,1007
E01008970,Birmingham 110C,E08000025,Birmingham,24.945,11151,4,0.339,7699,3,0.207,6197,2,14.869,18259,6,0.396,10962,4,0.194,13896,5,16.238,22469,7,13.235,20657,7,0.471,9099,3,0.197,13477,4,-0.159,18809,6,0.228,16232,5,27.761,22114,7,0.855,12192,4,-0.011,15956,5,-0.667,27472,9,1457,306,327,872
E01008971,Birmingham 117D,E08000025,Birmingham,17.901,16448,5,0.222,14122,5,0.15,11255,4,6.864,26078,8,0.369,11303,4,0.258,12950,4,11.189,28930,9,18.253,16577,5,0.294,17100,6,0.17,15220,5,-0.804,27696,9,0.185,22440,7,24.941,24775,8,-0.275,17087,6,0.082,14137,5,-0.092,17305,6,1750,327,457,1081
E01008972,Birmingham 118A,E08000025,Birmingham,44.248,3522,2,0.45,3778,2,0.301,1816,1,39.35,5656,2,1.507,1644,1,0.627,7908,3,18.165,19623,6,14.584,19459,6,0.579,5358,2,0.323,7205,3,0.881,5548,2,0.337,5935,2,31.587,18133,6,0.771,12533,4,-0.042,16628,5,-0.259,20462,7,1877,407,355,1170
E01008973,Birmingham 118B,E08000025,Birmingham,24.755,11265,4,0.284,10373,4,0.173,8871,3,19.492,14713,5,0.858,5890,2,0.425,10585,4,14.667,24647,8,15.25,18910,6,0.436,10475,4,0.175,14865,5,0.188,13705,5,0.241,14737,5,31.052,18715,6,-0.164,16611,5,0.014,15450,5,-0.34,21984,7,1914,393,392,1224
E01008974,Birmingham 118C,E08000025,Birmingham,15.322,18964,6,0.199,15734,5,0.139,12694,4,9.017,23702,8,0.361,11412,4,-0.108,18379,6,14.033,25472,8,4.631,29923,9,0.225,21340,7,0.19,13888,5,-0.452,23281,7,0.187,22065,7,32.671,17047,6,-0.747,19296,6,-0.504,26352,8,-0.906,30445,10,2786,560,506,1819
E01008975,Birmingham 118D,E08000025,Birmingham,14.76,19589,6,0.132,22010,7,0.116,15889,5,9.728,22961,7,0.377,11185,4,0.259,12937,4,9.607,30500,10,23.565,12930,4,0.173,25081,8,0.131,18493,6,-0.587,25139,8,0.207,19179,6,32.885,16844,5,-3.138,28901,9,0.414,8715,3,-0.442,23885,8,1513,262,420,932
E01008976,Birmingham 121A,E08000025,Birmingham,53.713,1770,1,0.54,1753,1,0.32,1352,1,47.254,3780,2,1.418,2028,1,1.278,2197,1,21.057,15590,5,28.23,10246,4,0.79,968,1,0.351,6216,2,1.156,3376,2,0.357,4590,2,28.739,21125,7,2.033,8248,3,0.515,7340,3,-0.109,17644,6,1530,336,341,941
E01008977,Birmingham 123A,E08000025,Birmingham,28.223,9198,3,0.284,10403,4,0.174,8808,3,25.886,10919,4,0.881,5650,2,0.863,5289,2,15.204,23877,8,25.392,11878,4,0.412,11447,4,0.207,12830,4,0.417,10594,4,0.278,10718,4,30.348,19470,6,0.137,15216,5,0.382,9204,3,-0.03,16092,5,1568,305,330,1047
E01008978,Birmingham 121B,E08000025,Birmingham,77.901,81,1,0.63,585,1,0.491,38,1,72.07,479,1,2.138,250,1,1.708,711,1,25.249,10606,4,44.825,3421,2,0.775,1131,1,0.441,3670,2,1.269,2679,1,0.523,270,1,27.371,22516,7,3.253,5228,2,0.921,2885,1,0.246,11418,4,1291,339,272,739
E01008979,Birmingham 121C,E08000025,Birmingham,58.214,1188,1,0.603,858,1,0.373,489,1,45.668,4129,2,1.448,1893,1,1.261,2297,1,19.281,18028,6,16.572,17878,6,0.867,408,1,0.389,5006,2,0.943,5014,2,0.375,3600,2,30.927,18850,6,1.214,10895,4,0.107,13695,5,-0.443,23888,8,1620,367,429,934
E01008980,Birmingham 121D,E08000025,Birmingham,63.701,665,1,0.601,871,1,0.382,407,1,63.131,1191,1,1.524,1576,1,1.36,1808,1,22.925,13281,4,20.317,15078,5,0.747,1523,1,0.353,6142,2,1.313,2460,1,0.442,1223,1,30.366,19454,6,2.268,7566,3,0.335,9919,3,-0.759,28756,9,1780,467,333,1036
E01008981,Birmingham 110D,E08000025,Birmingham,15.522,18749,6,0.138,21382,7,0.11,16909,6,2.832,30762,10,-0.053,17197,6,0.751,6431,2,5.856,33014,10,39.322,5169,2,0.148,26893,8,0.145,17242,6,-1.887,33359,10,0.157,26606,8,18.681,29424,9,-1.591,23092,7,0.534,7088,3,0.987,3472,2,1513,259,490,867
E01008982,Birmingham 079A,E08000025,Birmingham,15.024,19305,6,0.211,14889,5,0.1,18734,6,7.88,24936,8,-0.05,17156,6,0.014,16564,5,20.274,16652,5,22.509,13553,5,0.323,15552,5,0.191,13866,5,-0.163,18879,6,0.129,30065,9,23.977,25603,8,2.383,7261,3,-0.59,27930,9,1.415,1584,1,1672,354,239,1065
E01008984,Birmingham 074A,E08000025,Birmingham,46.851,2976,1,0.48,2999,1,0.297,1931,1,30.847,8598,3,1.318,2513,1,0.862,5304,2,23.167,12972,4,37.471,5896,2,0.649,3427,2,0.487,2691,1,-0.024,16786,5,0.364,4202,2,21.805,27337,9,3.282,5174,2,0.157,12765,4,1.668,938,1,1782,290,400,1222
E01008986,Birmingham 064A,E08000025,Birmingham,29.832,8361,3,0.28,10572,4,0.196,6939,3,11.282,21498,7,0.628,8221,3,0.724,6721,2,22.908,13298,4,47.678,2714,1,0.352,14125,5,0.351,6190,2,-0.307,21056,7,0.201,19955,6,23.05,26366,8,3.115,5510,2,0.87,3340,1,0.742,5374,2,1616,248,231,1185
E01008987,Birmingham 064B,E08000025,Birmingham,44.706,3425,2,0.449,3797,2,0.245,3972,2,36.823,6411,2,1.13,3657,2,1.179,2791,1,22.587,13704,5,45.623,3199,1,0.759,1341,1,0.589,1246,1,0.542,9069,3,0.358,4561,2,17.8,29899,9,3.387,4966,2,0.945,2702,1,0.234,11613,4,1517,184,216,1176
E01008988,Birmingham 064C,E08000025,Birmingham,29.979,8290,3,0.364,6629,2,0.18,8253,3,12.634,20192,6,0.656,7902,3,0.813,5767,2,22.905,13303,4,34.168,7269,3,0.742,1588,1,0.259,9965,3,-0.262,20380,7,0.213,18281,6,19.616,28870,9,3.365,5003,2,0.47,7938,3,0.677,5994,2,2024,227,249,1630
E01008989,Birmingham 064D,E08000025,Birmingham,46.221,3106,1,0.599,891,1,0.225,5076,2,29.199,9315,3,0.747,6969,3,1.322,1995,1,24.63,11287,4,35.897,6523,2,0.994,60,1,0.323,7218,3,0.89,5460,2,0.237,15203,5,22.793,26564,8,3.552,4645,2,0.498,7593,3,0.772,5084,2,1664,180,388,1189
E01008990,Birmingham 064E,E08000025,Birmingham,5.489,30338,9,0.056,31522,10,0.041,32042,10,2.518,31141,10,-0.486,23538,7,-0.833,28086,9,13.545,26086,8,29.179,9732,3,0.104,30138,9,0.047,30519,10,-0.825,27904,9,0.09,32704,10,21.438,27611,9,0.806,12396,4,0.304,10366,4,0.592,6882,3,1103,192,265,704
E01008991,Birmingham 064F,E08000025,Birmingham,14.681,19681,6,0.243,12786,4,0.141,12449,4,5.692,27425,9,-0.79,27405,9,0.297,12332,4,9.369,30714,10,14.345,19652,6,0.416,11254,4,0.064,27518,9,-0.979,29377,9,0.178,23466,7,24.798,24888,8,-0.896,20002,6,-0.314,22434,7,0.307,10487,4,1858,462,449,1007
E01008992,Birmingham 079C,E08000025,Birmingham,5.28,30593,10,0.051,32017,10,0.032,33101,10,2.12,31589,10,-0.715,26552,8,-0.491,23795,8,8.367,31547,10,33.441,7612,3,0.16,26066,8,0.043,31051,10,-1.067,30090,9,0.113,31415,10,25.321,24421,8,-1.405,22282,7,0.535,7087,3,0.43,8739,3,1400,190,290,957
E01008994,Birmingham 074B,E08000025,Birmingham,17.571,16768,5,0.208,15107,5,0.123,14836,5,7.557,25291,8,0.021,16104,5,0.184,14048,5,17.764,20203,6,34.801,6978,3,0.27,18476,6,0.254,10178,4,-0.283,20698,7,0.144,28233,9,18.476,29557,9,2.152,7877,3,0.485,7755,3,0.702,5740,2,1557,236,285,1088
E01008995,Birmingham 134A,E08000025,Birmingham,48.414,2650,1,0.556,1494,1,0.274,2671,1,33.69,7516,3,1.565,1422,1,0.894,5045,2,22.55,13747,5,21.348,14363,5,0.752,1431,1,0.748,306,1,0.271,12538,4,0.361,4372,2,16.646,30522,10,3.429,4874,2,-0.796,30624,10,1.443,1498,1,2468,578,292,1652
E01008996,Birmingham 074C,E08000025,Birmingham,41.195,4293,2,0.533,1861,1,0.244,3999,2,43.316,4655,2,0.629,8213,3,0.437,10409,4,24.217,11776,4,21.73,14076,5,0.648,3458,2,0.515,2246,1,0.348,11515,4,0.418,1821,1,17.431,30122,9,3.763,4217,2,-0.326,22698,7,1.032,3207,1,1919,488,310,1201
E01008997,Birmingham 074D,E08000025,Birmingham,17.462,16867,5,0.166,18519,6,0.13,13856,5,9.844,22837,7,-0.192,19245,6,0.289,12451,4,15.784,23108,7,41.044,4581,2,0.191,23705,8,0.141,17587,6,-0.162,18865,6,0.166,25293,8,24.235,25412,8,1.177,11024,4,0.602,6251,2,0.972,3573,2,1591,315,377,992
E01008998,Birmingham 031A,E08000025,Birmingham,56.335,1423,1,0.613,762,1,0.287,2262,1,61.934,1342,1,1.12,3727,2,0.979,4271,2,21.167,15444,5,42.318,4148,2,0.775,1133,1,0.433,3869,2,0.992,4603,2,0.482,621,1,26.232,23585,7,2.376,7284,3,0.512,7382,3,1.328,1877,1,1891,472,261,1206
E01008999,Birmingham 031B,E08000025,Birmingham,38.988,4865,2,0.411,4972,2,0.241,4183,2,32.198,8077,3,0.926,5245,2,0.912,4875,2,15.468,23554,7,43.59,3791,2,0.594,4906,2,0.251,10360,4,0.212,13380,4,0.356,4705,2,25.304,24432,8,0.961,11808,4,0.617,6082,2,1.165,2505,1,1530,326,288,993
E01009000,Birmingham 031C,E08000025,Birmingham,51.303,2150,1,0.46,3473,2,0.291,2109,1,38.471,5905,2,1.388,2172,1,1.356,1825,1,19.572,17606,6,55.382,1386,1,0.788,994,1,0.303,8020,3,0.69,7416,3,0.354,4805,2,19.121,29145,9,2.57,6766,3,0.911,2979,1,1.302,1965,1,1792,262,424,1223
E01009001,Birmingham 018A,E08000025,Birmingham,21.58,13457,4,0.218,14383,5,0.139,12639,4,15.627,17625,6,0.686,7600,3,0.018,16516,5,19.454,17778,6,32.367,8138,3,0.317,15885,5,0.148,16924,6,-0.322,21282,7,0.253,13392,4,28.364,21527,7,1.658,9365,3,0.461,8066,3,0.526,7623,3,1695,363,433,1005
E01009002,Birmingham 023A,E08000025,Birmingham,62.598,761,1,0.649,435,1,0.342,906,1,49.152,3405,2,1.327,2474,1,1.255,2341,1,33.832,4412,2,32.085,8259,3,0.817,743,1,0.532,1971,1,1.269,2677,1,0.354,4781,2,26.584,23253,7,4.994,2163,1,0.397,8966,3,0.654,6202,2,2076,675,253,1204
E01009003,Birmingham 018B,E08000025,Birmingham,31.657,7518,3,0.234,13269,4,0.171,9078,3,20.564,13967,5,1.115,3764,2,0.698,7038,3,20.838,15897,5,55.476,1368,1,0.373,13179,4,0.148,16945,6,-0.149,18670,6,0.288,9794,3,22.666,26674,8,2.645,6603,2,1.053,1947,1,0.776,5046,2,1815,254,623,1081
E01009005,Birmingham 025A,E08000025,Birmingham,29.919,8322,3,0.333,7958,3,0.186,7809,3,19.857,14479,5,1.017,4488,2,0.568,8640,3,24.738,11172,4,18.936,16057,5,0.471,9086,3,0.232,11382,4,-0.165,18928,6,0.282,10298,4,30.359,19463,6,2.726,6395,2,0.062,14532,5,0.051,14660,5,1781,378,368,1120
E01009006,Birmingham 023C,E08000025,Birmingham,34.426,6396,2,0.317,8731,3,0.203,6455,2,23.42,12239,4,0.861,5854,2,0.778,6138,2,21.073,15565,5,52.525,1783,1,0.468,9214,3,0.167,15464,5,0.178,13854,5,0.283,10233,4,22.108,27119,9,2.746,6349,2,0.936,2769,1,0.94,3779,2,1625,306,269,1138
E01009007,Birmingham 023D,E08000025,Birmingham,52.072,2018,1,0.479,3005,1,0.241,4162,2,39.521,5615,2,1.012,4531,2,1.68,763,1,27.025,8925,3,70.605,193,1,0.726,1856,1,0.426,4041,2,0.81,6208,2,0.348,5217,2,17.575,30029,9,4.317,3219,1,1.159,1338,1,1.733,776,1,1885,325,256,1384
E01009008,Birmingham 141A,E08000025,Birmingham,20.069,14655,5,0.195,16053,5,0.136,13021,4,17.213,16360,5,0.218,13263,4,-0.315,21330,7,22.575,13715,5,37.23,5995,2,0.274,18202,6,0.166,15531,5,-0.235,19967,6,0.262,12386,4,26.828,23033,7,2.665,6555,2,0.749,4593,2,0.139,13115,4,1462,213,445,903
E01009009,Birmingham 025B,E08000025,Birmingham,21.434,13574,5,0.226,13819,5,0.141,12360,4,11.863,20929,7,0.302,12172,4,0.141,14693,5,31.022,5969,2,22.798,13357,4,0.372,13203,4,0.161,15881,5,-0.864,28293,9,0.247,14066,5,33.21,16522,5,3.771,4203,2,0.377,9264,3,-0.411,23290,7,1489,257,402,936
E01009011,Birmingham 141B,E08000025,Birmingham,27.159,9789,3,0.292,9963,3,0.178,8497,3,31.343,8397,3,0.637,8118,3,0.419,10669,4,20.908,15801,5,18.918,16069,5,0.428,10784,4,0.267,9561,3,0.663,7683,3,0.297,8989,3,27.116,22738,7,2.205,7749,3,-0.03,16362,5,0.264,11129,4,1753,293,500,1085
E01009012,Birmingham 141C,E08000025,Birmingham,19.806,14871,5,0.24,12940,4,0.132,13504,5,18.637,15321,5,0.107,14824,5,0.178,14147,5,16.856,21519,7,29.462,9562,3,0.449,9966,3,0.106,21261,7,-0.073,17502,6,0.261,12449,4,21.683,27427,9,1.703,9248,3,0.579,6532,2,-0.185,19099,6,1475,281,318,963
E01009013,Birmingham 031D,E08000025,Birmingham,50.534,2275,1,0.446,3874,2,0.265,3022,1,37.873,6090,2,1.275,2740,1,1.599,957,1,19.398,17862,6,62.406,695,1,0.622,4113,2,0.324,7186,3,0.78,6484,2,0.339,5829,2,18.666,29433,9,2.556,6805,3,1.08,1770,1,1.302,1964,1,2150,367,376,1503
E01009014,Birmingham 090A,E08000025,Birmingham,37.792,5211,2,0.528,1935,1,0.21,5998,2,44.152,4465,2,0.615,8370,3,0.321,11996,4,20.062,16941,6,18.348,16513,5,0.696,2436,1,0.346,6360,2,0.702,7288,3,0.392,2813,1,21.209,27774,9,2.557,6801,3,-0.027,16292,5,0.195,12248,4,2644,762,299,1594
E01009015,Birmingham 089G,E08000025,Birmingham,35.63,5930,2,0.355,6997,3,0.198,6862,3,33.824,7468,3,1.119,3735,2,1.1,3320,1,14.688,24614,8,34.941,6922,3,0.502,7950,3,0.374,5465,2,0.382,11050,4,0.352,4932,2,18.394,29602,9,1.346,10412,4,0.366,9428,3,0.984,3486,2,1840,386,346,1193
E01009016,Birmingham 098A,E08000025,Birmingham,53.687,1771,1,0.503,2464,1,0.286,2274,1,52.964,2672,1,1.477,1769,1,1.25,2370,1,18.731,18796,6,49.013,2432,1,0.651,3373,1,0.512,2300,1,0.873,5627,2,0.43,1485,1,18.623,29457,9,2.396,7232,3,0.815,3901,2,1.063,3029,1,1636,306,431,1038
E01009017,Birmingham 097A,E08000025,Birmingham,35.178,6117,2,0.505,2412,1,0.198,6871,3,41.356,5144,2,0.473,9997,3,-0.121,18575,6,19.304,18001,6,27.952,10411,4,0.695,2448,1,0.346,6390,2,0.354,11433,4,0.406,2260,1,21.216,27767,9,2.372,7296,3,0.346,9731,3,0.367,9636,3,1756,413,291,1089
E01009018,Birmingham 090B,E08000025,Birmingham,44.591,3456,2,0.481,2975,1,0.236,4478,2,37.081,6331,2,0.743,7004,3,1.49,1288,1,17.184,21027,7,50.306,2179,1,0.857,465,1,0.209,12702,4,0.474,9870,3,0.367,4070,2,18.017,29792,9,2.035,8239,3,0.812,3933,2,1.195,2387,1,1871,329,395,1255
E01009019,Birmingham 103A,E08000025,Birmingham,51.84,2060,1,0.528,1951,1,0.292,2054,1,59.096,1715,1,1.314,2533,1,1.161,2919,1,18.666,18870,6,25.339,11905,4,0.62,4168,2,0.508,2354,1,1.384,2080,1,0.406,2279,1,24.512,25149,8,1.914,8574,3,0.413,8727,3,-0.146,18313,6,1776,523,204,1079
E01009020,Birmingham 103B,E08000025,Birmingham,41.627,4176,2,0.478,3035,1,0.259,3267,1,44.476,4397,2,1.11,3802,2,0.576,8554,3,15.839,23034,7,24.384,12449,4,0.663,3105,1,0.366,5716,2,0.396,10889,4,0.422,1717,1,19.589,28885,9,1.576,9618,3,0.225,11602,4,0.275,10956,4,1541,379,261,945
E01009021,Birmingham 103C,E08000025,Birmingham,48.83,2565,1,0.557,1474,1,0.289,2175,1,51.94,2874,1,1.086,3971,2,1.076,3468,2,16.745,21710,7,17.675,16996,6,0.712,2112,1,0.469,3059,1,1.434,1844,1,0.349,5150,2,21.325,27689,9,1.701,9251,3,0.133,13208,4,-0.345,22061,7,1765,532,198,1039
E01009022,Birmingham 098B,E08000025,Birmingham,32.933,6975,3,0.445,3907,2,0.188,7620,3,27.001,10354,4,0.562,8935,3,0.826,5628,2,18.502,19114,6,26.445,11281,4,0.625,4041,2,0.353,6150,2,0.225,13190,4,0.312,7758,3,21.337,27681,9,2.151,7880,3,0.434,8427,3,-0.068,16824,5,1843,485,285,1123
E01009023,Birmingham 098C,E08000025,Birmingham,20.73,14139,5,0.342,7533,3,0.123,14802,5,13.33,19554,6,0.211,13368,4,-0.018,17044,6,14.091,25393,8,28.309,10195,4,0.512,7609,3,0.191,13881,5,-0.383,22291,7,0.232,15700,5,24.973,24754,8,0.605,13190,4,0.626,5981,2,-0.672,27540,9,1704,416,301,1046
E01009024,Birmingham 103D,E08000025,Birmingham,46.942,2956,1,0.554,1540,1,0.273,2726,1,46.13,4021,2,1.119,3730,2,0.815,5757,2,22.007,14424,5,19.335,15759,5,0.698,2379,1,0.449,3476,2,0.922,5209,2,0.381,3307,1,27.322,22542,7,2.453,7066,3,0.264,10974,4,-0.594,26405,8,1780,577,187,1039
E01009025,Birmingham 103E,E08000025,Birmingham,50.148,2343,1,0.546,1654,1,0.274,2676,1,57.929,1894,1,1.329,2465,1,0.956,4460,2,19.251,18069,6,21.873,13988,5,0.715,2055,1,0.442,3656,2,1.493,1579,1,0.381,3316,1,27.193,22678,7,1.762,9043,3,0.339,9856,3,-0.407,23196,7,1529,408,197,987
E01009026,Birmingham 090C,E08000025,Birmingham,47.772,2778,1,0.555,1509,1,0.265,3041,1,49.248,3380,2,0.982,4786,2,0.655,7558,3,24.79,11107,4,33.179,7733,3,0.728,1818,1,0.443,3639,2,0.782,6462,2,0.416,1898,1,23.792,25752,8,3.504,4730,2,0.46,8087,3,0.609,6687,2,2020,593,217,1236
E01009028,Birmingham 090D,E08000025,Birmingham,46.203,3112,1,0.597,913,1,0.26,3240,1,45.052,4268,2,0.735,7078,3,0.624,7950,3,21.29,15300,5,27.744,10509,4,0.838,596,1,0.386,5097,2,0.564,8802,3,0.411,2075,1,23.022,26393,8,2.723,6402,2,0.521,7263,3,-0.202,19419,6,1860,517,221,1139
E01009029,Birmingham 090E,E08000025,Birmingham,48.807,2569,1,0.606,829,1,0.271,2806,1,34.957,7079,3,1.221,3080,1,0.682,7232,3,18.898,18549,6,35.614,6644,2,0.749,1493,1,0.346,6384,2,0.326,11834,4,0.366,4117,2,21.119,27846,9,2.274,7552,3,0.572,6614,2,0.549,7354,3,1555,435,233,925
E01009030,Birmingham 098D,E08000025,Birmingham,22.54,12757,4,0.314,8832,3,0.149,11382,4,13.964,19002,6,0.239,12989,4,0.587,8409,3,16.137,22601,7,22.411,13628,5,0.479,8789,3,0.241,10872,4,-0.413,22730,7,0.243,14545,5,21.303,27703,9,1.531,9772,3,0.118,13474,4,0.313,10387,4,1971,486,315,1251
E01009031,Birmingham 105C,E08000025,Birmingham,16.599,17657,6,0.212,14773,5,0.114,16167,5,9.152,23566,7,-0.044,17048,6,-0.096,18225,6,16.56,21993,7,35.009,6895,3,0.38,12878,4,0.147,17033,6,-0.639,25805,8,0.203,19663,6,28.042,21840,7,0.91,11994,4,0.441,8345,3,0.821,4659,2,1847,360,401,1170
E01009032,Birmingham 108A,E08000025,Birmingham,17.084,17197,6,0.251,12220,4,0.114,16146,5,14.378,18657,6,-0.143,18533,6,-0.052,17554,6,14.26,25175,8,28.987,9849,3,0.363,13639,5,0.193,13739,5,-0.642,25843,8,0.263,12303,4,23.139,26297,8,0.848,12215,4,0.421,8605,3,0.274,10962,4,1929,421,417,1181
E01009033,Birmingham 103F,E08000025,Birmingham,41.118,4312,2,0.515,2185,1,0.254,3540,2,35.921,6715,2,1.105,3831,2,0.487,9698,3,18.608,18961,6,19.15,15904,5,0.674,2853,1,0.342,6520,2,0.583,8617,3,0.348,5239,2,27.43,22448,7,1.556,9689,3,0.255,11119,4,-0.588,26332,8,1931,555,250,1176
E01009034,Birmingham 108B,E08000025,Birmingham,15.708,18549,6,0.222,14110,5,0.114,16154,5,14.824,18296,6,0.103,14888,5,-0.616,25504,8,15.783,23109,7,21.4,14327,5,0.344,14554,5,0.136,18069,6,-0.331,21443,7,0.245,14283,5,26.787,23069,7,0.863,12168,4,0.087,14056,5,0.275,10953,4,1770,375,413,1060
E01009035,Birmingham 108C,E08000025,Birmingham,25.12,11032,4,0.357,6913,3,0.169,9294,3,21.154,13585,5,0.163,14050,5,0.258,12939,4,19.056,18328,6,22.802,13355,4,0.497,8146,3,0.282,8897,3,-0.057,17259,6,0.285,10057,3,26.514,23323,7,1.793,8943,3,0.318,10178,4,-0.17,18786,6,1905,473,328,1158
E01009036,Birmingham 108D,E08000025,Birmingham,15.318,18968,6,0.189,16514,5,0.111,16628,5,10.851,21881,7,-0.023,16784,5,0.091,15450,5,14.597,24740,8,26.925,10991,4,0.252,19517,6,0.108,21051,7,-1.094,30277,9,0.244,14377,5,25.267,24471,8,0.711,12751,4,0.357,9566,3,0.228,11707,4,1568,319,396,943
E01009037,Birmingham 105D,E08000025,Birmingham,15.986,18253,6,0.18,17262,6,0.126,14413,5,14.963,18173,6,-0.206,19442,6,0.052,16016,5,16.148,22581,7,26.356,11331,4,0.201,22937,7,0.205,12973,4,-0.092,17822,6,0.223,16990,6,28.61,21256,7,0.702,12795,4,0.211,11821,4,0.513,7770,3,1928,348,607,1115
E01009039,Birmingham 132A,E08000025,Birmingham,11.363,23338,7,0.211,14879,5,0.087,21381,7,6.901,26044,8,-0.578,24817,8,-0.482,23666,8,16.9,21453,7,17.736,16947,6,0.353,14112,5,0.111,20634,7,-0.984,29413,9,0.194,21055,7,30.575,19219,6,0.592,13241,4,0.258,11077,4,-1.233,32701,10,1802,402,454,1032
E01009040,Birmingham 132B,E08000025,Birmingham,10.604,24257,8,0.174,17756,6,0.088,21163,7,6.398,26623,8,-0.161,18801,6,-0.743,27083,9,16.525,22056,7,13.842,20098,6,0.297,16978,6,0.118,19908,6,-0.887,28509,9,0.183,22717,7,29.561,20265,7,0.657,12981,4,-0.06,16984,6,-0.327,21740,7,1835,378,359,1166
E01009041,Birmingham 132C,E08000025,Birmingham,13.208,21225,7,0.169,18243,6,0.098,19071,6,9.956,22734,7,0.086,15141,5,-0.461,23390,7,19.278,18034,6,17.655,17015,6,0.229,21058,7,0.15,16771,5,-0.598,25270,8,0.21,18695,6,28.581,21286,7,1.573,9627,3,0.246,11271,4,-1.077,31814,10,1736,357,352,1090
E01009042,Birmingham 132D,E08000025,Birmingham,16.939,17332,6,0.263,11550,4,0.124,14686,5,14.471,18562,6,-0.123,18240,6,-0.339,21657,7,17.98,19889,6,18.822,16153,5,0.399,12023,4,0.145,17195,6,0.061,15547,5,0.198,20341,7,31.601,18119,6,0.711,12753,4,0.218,11703,4,-0.484,24585,8,1365,337,275,798
E01009043,Birmingham 097B,E08000025,Birmingham,48.162,2692,1,0.585,1079,1,0.256,3447,2,36.636,6472,2,1.165,3424,2,0.672,7340,3,21.495,15050,5,41.742,4345,2,0.854,488,1,0.468,3097,1,0.454,10153,4,0.366,4123,2,18.321,29643,9,3.092,5555,2,0.657,5624,2,0.888,4123,2,2120,528,327,1322
E01009044,Birmingham 097C,E08000025,Birmingham,50.949,2198,1,0.62,675,1,0.258,3349,1,41.243,5169,2,0.819,6256,2,0.277,12651,4,28.456,7762,3,53.997,1557,1,0.745,1544,1,0.515,2242,1,0.067,15450,5,0.425,1597,1,21.087,27872,9,4.433,3037,1,1.134,1471,1,0.273,10979,4,1799,511,205,1090
E01009045,Birmingham 097D,E08000025,Birmingham,32.304,7250,3,0.403,5213,2,0.202,6526,2,26.032,10833,4,0.656,7905,3,0.763,6299,2,18.1,19705,6,26.765,11081,4,0.581,5297,2,0.206,12875,4,0.158,14148,5,0.31,7893,3,20.155,28532,9,2.132,7923,3,0.178,12379,4,0.624,6534,2,2068,471,468,1206
E01009046,Birmingham 097E,E08000025,Birmingham,17.316,16990,6,0.214,14643,5,0.121,15180,5,10.574,22147,7,0.059,15574,5,0.19,13951,5,12.75,27090,9,33.242,7710,3,0.281,17820,6,0.182,14423,5,-0.657,26008,8,0.221,17189,6,22.433,26852,8,0.484,13698,5,0.515,7330,3,0.463,8332,3,1830,350,469,1133
E01009047,Birmingham 040C,E08000025,Birmingham,66.245,500,1,0.714,167,1,0.342,912,1,56.285,2144,1,1.229,3030,1,1.501,1250,1,24.434,11529,4,46.311,3046,1,0.842,561,1,0.653,711,1,0.279,12412,4,0.529,240,1,17.21,30243,9,3.818,4112,2,0.863,3407,2,0.64,6363,2,1798,392,257,1196
E01009048,Birmingham 040D,E08000025,Birmingham,65.047,588,1,0.618,706,1,0.364,594,1,53.536,2584,1,1.549,1476,1,1.485,1309,1,26.443,9482,3,39.591,5083,2,0.77,1197,1,0.442,3642,2,0.369,11226,4,0.492,512,1,19.051,29198,9,4.133,3517,2,0.576,6574,2,0.905,3998,2,2073,406,294,1442
E01009049,Birmingham 032A,E08000025,Birmingham,39.886,4606,2,0.475,3116,1,0.247,3879,2,32.616,7917,3,0.349,11546,4,0.522,9212,3,22.908,13299,4,48.261,2591,1,0.761,1318,1,0.277,9073,3,0.129,14556,5,0.365,4132,2,24.551,25113,8,2.976,5802,2,0.885,3207,1,0.743,5368,2,1708,349,332,1087
E01009050,Birmingham 035A,E08000025,Birmingham,47.2,2902,1,0.585,1089,1,0.287,2260,1,34.017,7410,3,0.459,10187,4,0.886,5099,2,24.79,11108,4,37.237,5989,2,0.675,2844,1,0.527,2052,1,-0.213,19642,6,0.398,2582,1,23.587,25921,8,3.52,4697,2,0.579,6522,2,0.686,5912,2,2339,667,263,1443
E01009051,Birmingham 033A,E08000025,Birmingham,65.101,584,1,0.675,298,1,0.332,1091,1,53.981,2504,1,1.002,4613,2,1.493,1278,1,24.254,11736,4,60.403,834,1,0.799,893,1,0.535,1929,1,0.391,10962,4,0.493,497,1,17.313,30176,9,3.774,4194,2,1.04,2026,1,1.28,2049,1,1755,445,214,1141
E01009053,Birmingham 033B,E08000025,Birmingham,71.745,227,1,0.751,84,1,0.356,710,1,58.01,1875,1,0.711,7324,3,1.918,362,1,28.008,8129,3,71.828,161,1,0.771,1190,1,0.729,355,1,0.078,15284,5,0.593,38,1,16.025,30781,10,4.55,2838,1,1.208,1101,1,1.644,982,1,1606,503,161,966
E01009054,Birmingham 033C,E08000025,Birmingham,36.35,5674,2,0.52,2097,1,0.218,5466,2,38.318,5944,2,0.339,11676,4,-0.183,19493,6,17.744,20230,6,33.84,7431,3,0.799,892,1,0.302,8058,3,-0.614,25468,8,0.444,1171,1,17.65,29979,9,2.195,7776,3,0.665,5533,2,0.064,14419,5,1658,351,278,1077
E01009056,Birmingham 032B,E08000025,Birmingham,54.021,1725,1,0.549,1604,1,0.328,1163,1,39.756,5563,2,0.841,6053,2,1.606,937,1,28.723,7534,3,33.277,7701,3,0.568,5670,2,0.45,3448,2,0.246,12895,4,0.405,2323,1,22.226,27023,9,4.419,3062,1,0.231,11514,4,1.117,2754,1,2249,608,320,1382
E01009057,Birmingham 035D,E08000025,Birmingham,59.748,1019,1,0.659,374,1,0.327,1182,1,49.795,3273,1,1.133,3633,2,0.955,4470,2,28.011,8126,3,40.479,4755,2,0.78,1069,1,0.525,2084,1,0.171,13959,5,0.481,628,1,22.071,27148,9,4.287,3269,1,0.85,3538,2,0.075,14213,5,2052,575,264,1236
E01009058,Birmingham 033D,E08000025,Birmingham,53.288,1832,1,0.644,470,1,0.255,3505,2,52.859,2692,1,0.282,12439,4,0.721,6764,3,27.95,8170,3,57.417,1107,1,0.725,1878,1,0.496,2556,1,-0.06,17289,6,0.532,224,1,16.991,30348,9,4.514,2901,1,1.294,776,1,-0.207,19518,6,1983,586,181,1218
E01009059,Birmingham 035E,E08000025,Birmingham,61.576,850,1,0.744,99,1,0.334,1050,1,46.65,3916,2,1.107,3820,2,1.092,3379,2,25.576,10307,4,39.388,5150,2,0.983,95,1,0.654,705,1,0.134,14483,5,0.459,915,1,18.546,29520,9,3.981,3781,2,0.695,5164,2,0.555,7275,3,1783,411,220,1174
E01009060,Birmingham 035F,E08000025,Birmingham,53.833,1752,1,0.596,933,1,0.274,2663,1,57.388,1971,1,0.922,5284,2,0.82,5704,2,22.782,13438,4,49.713,2298,1,0.642,3625,2,0.742,318,1,0.41,10713,4,0.523,272,1,16.34,30652,10,3.496,4746,2,0.803,4034,2,1.171,2481,1,1722,429,208,1086
E01009061,Birmingham 033E,E08000025,Birmingham,55.523,1531,1,0.678,282,1,0.264,3088,1,51.875,2885,1,0.879,5667,2,0.582,8472,3,22.626,13652,5,56.499,1228,1,0.761,1313,1,0.594,1188,1,-0.092,17804,6,0.525,263,1,16.089,30759,10,3.471,4799,2,1.14,1438,1,0.507,7835,3,1793,433,221,1139
E01009062,Birmingham 040E,E08000025,Birmingham,58.825,1110,1,0.675,300,1,0.286,2278,1,57.46,1963,1,0.786,6600,2,1.056,3636,2,25.145,10716,4,52.233,1830,1,0.831,635,1,0.794,187,1,0.276,12472,4,0.541,171,1,16.47,30612,10,3.979,3788,2,0.958,2597,1,0.833,4565,2,1864,478,185,1203
E01009064,Birmingham 095B,E08000025,Birmingham,32.65,7101,3,0.412,4928,2,0.239,4280,2,31.396,8364,3,0.424,10606,4,0.639,7767,3,15.139,23964,8,16.471,17951,6,0.55,6242,2,0.236,11153,4,0.637,8014,3,0.302,8578,3,28.254,21636,7,0.47,13759,5,0.136,13158,4,-0.606,26581,8,1534,352,315,917
E01009065,Birmingham 075A,E08000025,Birmingham,14.839,19499,6,0.149,20195,6,0.11,16880,6,1.696,32063,10,-0.144,18547,6,0.897,5017,2,7.592,32108,10,29.946,9283,3,0.148,26888,8,0.088,23576,7,-1.869,33334,10,0.134,29435,9,22.558,26745,8,-1.297,21788,7,0.511,7401,3,0.121,13408,4,1693,333,386,1105
E01009066,Birmingham 073A,E08000025,Birmingham,9.854,25138,8,0.165,18587,6,0.088,21152,7,1.424,32380,10,-0.374,21933,7,0.123,14944,5,6.658,32665,10,15.258,18904,6,0.146,27068,9,0.224,11793,4,-2.009,33507,10,0.129,29994,9,22.809,26558,8,-1.767,23836,8,-0.355,23323,7,0.464,8318,3,2003,345,753,1014
E01009067,Birmingham 075B,E08000025,Birmingham,6.727,28942,9,0.064,30760,10,0.057,28821,9,0.328,33543,10,-0.373,21919,7,-0.958,29356,9,8.615,31337,10,37.832,5749,2,0.047,33062,10,0.105,21403,7,-2.344,33708,10,0.087,32842,10,21.516,27548,9,-0.75,19312,6,0.754,4546,2,0.194,12258,4,1554,301,385,972
E01009068,Birmingham 075C,E08000025,Birmingham,10.789,24042,8,0.094,26913,8,0.059,28262,9,0.856,32993,10,-0.502,23733,8,0.461,10084,3,13.124,26604,8,44.134,3620,2,0.15,26750,8,0.11,20789,7,-1.459,32299,10,0.09,32716,10,16.95,30373,9,0.996,11682,4,0.754,4548,2,0.822,4648,2,1565,282,260,1091
E01009069,Birmingham 075D,E08000025,Birmingham,14.39,19975,6,0.134,21863,7,0.08,23096,7,2.056,31663,10,-0.069,17440,6,0.449,10239,4,13.863,25682,8,46.892,2906,1,0.213,22105,7,0.162,15841,5,-1.136,30589,10,0.118,31075,10,17.419,30133,9,1.179,11016,4,0.914,2956,1,0.499,7925,3,1703,247,334,1210
E01009070,Birmingham 073B,E08000025,Birmingham,10.024,24952,8,0.098,26268,8,0.078,23516,7,1.722,32032,10,0.169,13963,5,-0.351,21814,7,11.785,28261,9,30.635,8947,3,0.084,31362,10,0.145,17240,6,-1.556,32631,10,0.129,30001,9,27.418,22466,7,-0.45,17880,6,0.397,8973,3,0.516,7742,3,1613,326,414,947
E01009071,Birmingham 087B,E08000025,Birmingham,18.228,16161,5,0.216,14548,5,0.143,12154,4,6.24,26806,8,0.063,15523,5,0.427,10553,4,12.98,26768,8,31.007,8777,3,0.259,19096,6,0.301,8080,3,-0.83,27948,9,0.177,23502,7,23.175,26265,8,0.477,13722,5,0.296,10475,4,0.776,5048,2,1706,295,416,1070
E01009072,Birmingham 075E,E08000025,Birmingham,15.857,18385,6,0.156,19522,6,0.11,16908,6,1.809,31940,10,0.33,11812,4,0.195,13880,5,12.319,27614,9,39.736,5034,2,0.147,27037,9,0.278,9042,3,-1.332,31719,10,0.123,30630,10,22.618,26703,8,0.339,14319,5,0.674,5413,2,0.656,6188,2,1757,266,307,1283
E01009073,Birmingham 085A,E08000025,Birmingham,67.059,441,1,0.674,305,1,0.408,228,1,55.674,2237,1,1.241,2948,1,1.423,1540,1,29.002,7291,3,28.815,9936,3,0.724,1903,1,0.504,2416,1,1.094,3824,2,0.421,1724,1,29.034,20819,7,3.881,3976,2,0.539,7030,3,-0.118,17827,6,1793,692,180,953
E01009074,Birmingham 085B,E08000025,Birmingham,52.363,1970,1,0.596,922,1,0.326,1203,1,44.879,4305,2,1.016,4497,2,1.153,2977,1,21.276,15323,5,15.717,18532,6,0.797,917,1,0.425,4068,2,0.954,4909,2,0.369,3972,2,29.455,20374,7,1.982,8392,3,0.103,13751,5,-0.623,26843,8,1775,465,219,1100
E01009075,Birmingham 087C,E08000025,Birmingham,53.038,1867,1,0.529,1928,1,0.34,942,1,27.181,10279,4,1.536,1544,1,1.231,2498,1,25.75,10112,3,27.594,10593,4,0.675,2834,1,0.6,1134,1,0.33,11770,4,0.302,8569,3,21.891,27279,9,3.847,4054,2,0.42,8626,3,0.12,13439,4,1572,306,338,1018
E01009077,Birmingham 095C,E08000025,Birmingham,19.989,14728,5,0.244,12666,4,0.164,9794,3,7.469,25399,8,0.469,10049,3,0.388,11064,4,13.547,26084,8,16.934,17571,6,0.328,15333,5,0.178,14705,5,-0.902,28650,9,0.197,20555,7,28.174,21709,7,0.007,15814,5,0.1,13818,5,-0.352,22182,7,1579,335,363,944
E01009078,Birmingham 087E,E08000025,Birmingham,26.045,10466,4,0.263,11516,4,0.143,12184,4,13.148,19726,6,1.113,3780,2,0.785,6053,2,21.424,15151,5,24.331,12481,4,0.518,7358,3,0.236,11126,4,-0.393,22425,7,0.231,15861,5,27.071,22785,7,2.339,7374,3,0.221,11655,4,0.278,10927,4,1511,212,234,1115
E01009079,Birmingham 141G,E08000025,Birmingham,52.312,1975,1,0.574,1228,1,0.278,2526,1,47.001,3846,2,1.233,3003,1,1.248,2383,1,22.826,13393,4,34.199,7255,3,0.777,1099,1,0.335,6789,3,0.732,6964,3,0.408,2210,1,32.322,17403,6,1.921,8563,3,0.243,11318,4,1.174,2464,1,1344,352,205,822
E01009080,Birmingham 141F,E08000025,Birmingham,59.586,1036,1,0.713,168,1,0.294,2021,1,60.188,1552,1,1.11,3804,2,1.19,2722,1,24.875,11027,4,27.394,10719,4,0.86,450,1,0.546,1779,1,1.11,3727,2,0.451,1055,1,31.129,18627,6,2.642,6610,2,0.032,15088,5,0.962,3630,2,1343,466,129,748
E01009081,Birmingham 141H,E08000025,Birmingham,60.384,962,1,0.588,1032,1,0.354,727,1,58.869,1743,1,1.195,3248,1,1.056,3644,2,27.916,8197,3,38.108,5640,2,0.708,2181,1,0.503,2424,1,0.914,5263,2,0.467,785,1,31.066,18697,6,3.392,4952,2,0.534,7093,3,0.877,4218,2,1398,391,212,836
E01009082,Birmingham 044A,E08000025,Birmingham,43.228,3762,2,0.554,1532,1,0.243,4063,2,43.223,4679,2,0.855,5918,2,0.669,7371,3,20.897,15809,5,24.594,12328,4,0.756,1386,1,0.314,7556,3,0.469,9938,3,0.408,2186,1,31.111,18648,6,1.617,9513,3,-0.347,23138,7,1.331,1864,1,1517,439,232,869
E01009083,Birmingham 141I,E08000025,Birmingham,53.595,1784,1,0.611,780,1,0.269,2851,1,38.286,5948,2,1.426,1995,1,1.098,3335,1,28.203,7963,3,33.619,7539,3,0.852,500,1,0.414,4329,2,0.394,10916,4,0.382,3247,1,28.928,20949,7,3.739,4265,2,0.111,13611,5,1.398,1644,1,1555,445,208,940
E01009084,Birmingham 042A,E08000025,Birmingham,31.013,7804,3,0.463,3426,2,0.186,7768,3,31.995,8150,3,0.459,10189,4,-0.177,19417,6,18.937,18491,6,23.519,12955,4,0.646,3518,2,0.312,7605,3,0.027,16055,5,0.369,3947,2,27.669,22208,7,1.621,9508,3,0.102,13774,5,0.463,8333,3,2045,541,278,1257
E01009085,Birmingham 042B,E08000025,Birmingham,26.7,10049,3,0.36,6822,3,0.156,10660,4,34.808,7134,3,0.379,11165,4,-0.004,16847,5,19.711,17423,6,23.186,13129,4,0.546,6387,2,0.246,10579,4,-0.137,18471,6,0.398,2556,1,26.687,23149,7,1.95,8489,3,0.052,14712,5,0.537,7492,3,2153,490,332,1358
E01009086,Birmingham 044B,E08000025,Birmingham,38.951,4882,2,0.454,3660,2,0.203,6465,2,36.625,6478,2,1.311,2556,1,0.524,9190,3,21.262,15342,5,31.1,8741,3,0.622,4108,2,0.291,8518,3,-0.026,16806,5,0.403,2365,1,24.265,25380,8,2.607,6688,2,0.286,10621,4,0.804,4809,2,2278,579,337,1393
E01009087,Birmingham 042C,E08000025,Birmingham,34.082,6514,2,0.46,3482,2,0.177,8578,3,30.121,8895,3,0.483,9856,3,0.684,7224,3,20.994,15680,5,35.975,6488,2,0.714,2076,1,0.139,17747,6,0.212,13377,4,0.34,5725,2,27.093,22766,7,2.229,7678,3,0.262,11019,4,1.307,1944,1,1825,539,317,1007
E01009088,Birmingham 045A,E08000025,Birmingham,38.583,4972,2,0.381,6025,2,0.248,3818,2,38.323,5943,2,1.091,3932,2,0.581,8494,3,19.48,17735,6,35.591,6654,2,0.56,5932,2,0.267,9548,3,0.738,6892,3,0.347,5253,2,28.964,20909,7,1.573,9626,3,0.22,11678,4,1.357,1772,1,1595,319,492,887
E01009089,Birmingham 042D,E08000025,Birmingham,25.944,10516,4,0.39,5687,2,0.148,11496,4,26.3,10690,4,0.195,13608,5,0.264,12860,4,19.241,18086,6,23.708,12841,4,0.519,7315,3,0.178,14673,5,0.035,15925,5,0.324,6817,3,28.284,21615,7,1.62,9509,3,0.105,13724,5,0.477,8167,3,1838,531,261,1065
E01009090,Birmingham 042E,E08000025,Birmingham,36.685,5563,2,0.397,5440,2,0.175,8766,3,43.056,4718,2,0.889,5566,2,0.962,4405,2,20.319,16587,5,39.141,5236,2,0.507,7773,3,0.324,7193,3,0.226,13180,4,0.426,1590,1,24.202,25442,8,2.377,7279,3,0.439,8373,3,1.208,2340,1,2178,566,302,1333
E01009091,Birmingham 045B,E08000025,Birmingham,43.191,3774,2,0.486,2853,1,0.263,3106,1,43.463,4620,2,1.085,3975,2,1.018,3962,2,18.072,19750,6,18.909,16079,5,0.687,2585,1,0.35,6238,2,0.804,6265,2,0.377,3541,2,30.009,19806,6,1.026,11557,4,-0.261,21320,7,0.687,5896,2,1661,387,356,991
E01009092,Birmingham 054A,E08000025,Birmingham,61.261,881,1,0.627,601,1,0.328,1170,1,63.01,1210,1,1.602,1296,1,0.96,4419,2,29.195,7147,3,16.528,17912,6,0.771,1182,1,0.546,1776,1,1.287,2578,1,0.444,1175,1,27.55,22325,7,4.073,3615,2,-0.228,20577,7,0.392,9262,3,1765,517,204,1070
E01009093,Birmingham 054B,E08000025,Birmingham,59.281,1063,1,0.645,464,1,0.318,1381,1,58.017,1874,1,1.389,2168,1,0.974,4306,2,23.76,12308,4,29.475,9555,3,0.824,681,1,0.549,1740,1,1.496,1570,1,0.381,3304,1,26.903,22950,7,2.935,5892,2,0.122,13390,4,0.983,3504,2,1748,545,234,1022
E01009094,Birmingham 054C,E08000025,Birmingham,51.893,2049,1,0.587,1053,1,0.284,2337,1,55.746,2223,1,1.155,3495,2,0.934,4656,2,21.68,14804,5,26.205,11420,4,0.807,829,1,0.429,3972,2,0.834,5989,2,0.455,986,1,26.597,23239,7,2.455,7055,3,0.152,12853,4,0.626,6510,2,1624,453,231,990
E01009095,Birmingham 056A,E08000025,Birmingham,39.019,4858,2,0.459,3539,2,0.21,6008,2,33.285,7663,3,0.59,8633,3,1.14,3049,1,21.785,14681,5,40.543,4733,2,0.701,2314,1,0.284,8801,3,0.558,8887,3,0.329,6496,2,26.07,23736,8,2.545,6834,3,0.683,5294,2,0.701,5746,2,1906,482,285,1184
E01009096,Birmingham 029A,E08000025,Birmingham,52.484,1950,1,0.529,1923,1,0.313,1510,1,49.915,3248,1,1.537,1539,1,0.736,6600,2,30.561,6261,2,15.198,18954,6,0.835,608,1,0.425,4087,2,0.999,4543,2,0.397,2616,1,28.294,21607,7,4.28,3278,1,-0.409,24449,8,0.537,7489,3,1634,342,336,1031
E01009097,Birmingham 029B,E08000025,Birmingham,63.549,680,1,0.607,821,1,0.359,658,1,62.282,1295,1,2.037,357,1,0.688,7177,3,30.79,6122,2,13.131,20749,7,0.862,433,1,0.425,4089,2,1.49,1590,1,0.41,2118,1,30.761,19023,6,4.031,3689,2,-0.837,31040,10,0.701,5744,2,2052,491,395,1237
E01009098,Birmingham 025C,E08000025,Birmingham,37.498,5292,2,0.398,5388,2,0.232,4707,2,37.526,6193,2,1.161,3453,2,0.637,7797,3,24.975,10909,4,16.182,18163,6,0.544,6473,2,0.435,3838,2,0.815,6164,2,0.331,6334,2,27.041,22815,7,3.221,5290,2,-0.514,26549,8,0.752,5251,2,2108,436,473,1326
E01009099,Birmingham 029C,E08000025,Birmingham,68.967,326,1,0.675,302,1,0.407,234,1,63.978,1119,1,1.788,773,1,1.167,2873,1,27.356,8627,3,13.532,20383,7,0.793,947,1,0.531,1990,1,1.578,1250,1,0.408,2211,1,27.272,22589,7,3.739,4264,2,-0.966,32102,10,0.786,4960,2,1755,435,280,1117
E01009100,Birmingham 025D,E08000025,Birmingham,35.249,6079,2,0.379,6095,2,0.221,5271,2,28.495,9623,3,1.303,2596,1,0.8,5896,2,20.034,16988,6,13.536,20374,7,0.618,4237,2,0.393,4904,2,0.333,11734,4,0.314,7620,3,28.208,21681,7,1.831,8818,3,-0.463,25561,8,0.435,8671,3,1928,333,435,1266
E01009101,Birmingham 029D,E08000025,Birmingham,45.184,3316,1,0.476,3092,1,0.289,2188,1,49.639,3310,1,1.498,1684,1,0.087,15505,5,20.065,16935,6,19.273,15804,5,0.658,3208,1,0.384,5188,2,1.063,4071,2,0.387,3018,1,26.092,23724,8,2.108,8012,3,-0.525,26770,8,1.045,3127,1,1561,311,420,917
E01009102,Birmingham 141E,E08000025,Birmingham,51.583,2100,1,0.536,1803,1,0.307,1660,1,55.509,2272,1,1.342,2390,1,0.158,14461,5,21.071,15569,5,40.609,4712,2,0.747,1518,1,0.364,5776,2,1.066,4045,2,0.424,1647,1,24.463,25198,8,2.535,6859,3,0.562,6753,3,1.039,3170,1,1634,408,279,1023
E01009103,Birmingham 029E,E08000025,Birmingham,62.039,809,1,0.52,2088,1,0.339,965,1,76.455,277,1,1.785,781,1,1.06,3602,2,30.213,6457,2,20.615,14869,5,0.731,1767,1,0.416,4299,2,2.036,318,1,0.427,1555,1,27.14,22721,7,4.325,3208,1,-0.664,29016,9,1.294,2000,1,1571,368,353,904
E01009104,Birmingham 141D,E08000025,Birmingham,47.799,2771,1,0.477,3080,1,0.279,2502,1,44.859,4313,2,1.18,3338,1,1.123,3163,1,23.152,12991,4,37.154,6016,2,0.641,3638,2,0.304,7980,3,0.633,8057,3,0.404,2342,1,24.234,25416,8,3.073,5599,2,0.388,9112,3,1.139,2633,1,1718,456,266,1064
E01009105,Birmingham 025E,E08000025,Birmingham,22.665,12679,4,0.277,10735,4,0.16,10201,4,27.012,10347,4,0.409,10800,4,0.039,16201,5,16.323,22358,7,17.151,17398,6,0.415,11325,4,0.191,13807,5,0.548,9000,3,0.272,11385,4,33.714,15989,5,-0.201,16773,5,-0.145,18796,6,0.309,10460,4,1812,411,383,1091
E01009106,Birmingham 029F,E08000025,Birmingham,31.977,7381,3,0.303,9405,3,0.218,5454,2,43.526,4608,2,1.001,4622,2,0.056,15953,5,23.425,12674,4,12.239,21557,7,0.433,10600,4,0.252,10305,4,0.995,4582,2,0.353,4846,2,31.583,18139,6,2.197,7768,3,-0.373,23696,8,0.168,12641,4,1304,244,342,827
E01009107,Birmingham 128A,E08000025,Birmingham,50.858,2218,1,0.452,3715,2,0.31,1597,1,50.393,3170,1,1.253,2882,1,1.877,421,1,22.546,13751,5,17.105,17442,6,0.479,8821,3,0.503,2433,1,1.251,2794,1,0.367,4077,2,31.082,18687,6,2.058,8166,3,0.114,13564,5,-0.374,22573,7,1589,441,242,931
E01009108,Birmingham 127A,E08000025,Birmingham,10.113,24832,8,0.114,24171,8,0.068,25974,8,7.721,25125,8,-0.062,17339,6,0.454,10180,4,9.6,30506,10,17.509,17119,6,0.23,20951,7,0.042,31261,10,-0.942,29049,9,0.202,19823,6,29.992,19829,6,-1.944,24595,8,-0.092,17676,6,0.243,11464,4,1077,207,349,601
E01009109,Birmingham 123B,E08000025,Birmingham,49.814,2394,1,0.543,1701,1,0.298,1897,1,48.106,3588,2,1.322,2497,1,1.306,2062,1,19.528,17667,6,6.093,28164,9,0.709,2170,1,0.535,1926,1,1.295,2541,1,0.343,5539,2,31.015,18753,6,1.268,10710,4,-0.556,27350,9,-0.37,22504,7,1301,382,100,829
E01009110,Birmingham 128B,E08000025,Birmingham,44.533,3467,2,0.44,4064,2,0.285,2297,1,38.024,6041,2,1.488,1725,1,1.342,1899,1,16.237,22471,7,9.108,24752,8,0.623,4090,2,0.279,9022,3,0.877,5585,2,0.327,6670,2,30.417,19397,6,0.432,13923,5,-0.296,22065,7,-0.437,23807,8,1346,298,299,832
E01009111,Birmingham 127B,E08000025,Birmingham,22.38,12882,4,0.272,11032,4,0.153,10968,4,22.219,12903,4,0.317,11967,4,0.345,11672,4,15.489,23514,7,23.435,13003,4,0.405,11756,4,0.093,22941,7,0.322,11881,4,0.253,13305,4,31.585,18137,6,-0.016,15928,5,0.283,10678,4,0.013,15314,5,1576,359,320,963
E01009112,Birmingham 127C,E08000025,Birmingham,30.004,8271,3,0.338,7719,3,0.197,6902,3,21.329,13482,4,1.408,2074,1,0.09,15463,5,14.857,24378,8,17.368,17233,6,0.556,6048,2,0.264,9730,3,0.057,15617,5,0.276,10956,4,29.695,20138,6,0.144,15171,5,-0.033,16421,5,0.091,13925,5,1571,286,461,894
E01009113,Birmingham 128C,E08000025,Birmingham,69.294,309,1,0.74,104,1,0.41,215,1,49.521,3333,1,2.048,345,1,1.716,690,1,18.201,19565,6,6.597,27602,9,0.901,277,1,0.573,1419,1,1.11,3715,2,0.38,3353,1,30.936,18839,6,0.904,12019,4,-0.526,26793,8,-0.337,21920,7,1787,559,287,1004
E01009114,Birmingham 128D,E08000025,Birmingham,50.525,2278,1,0.48,2990,1,0.322,1284,1,49.318,3366,1,1.407,2078,1,1.45,1434,1,15.338,23723,8,16.2,18158,6,0.573,5537,2,0.418,4240,2,1.314,2451,1,0.35,5108,2,33.142,16587,5,-0.399,17655,6,-0.047,16754,5,-0.014,15815,5,1430,274,339,886
E01009115,Birmingham 128E,E08000025,Birmingham,51.242,2163,1,0.512,2266,1,0.303,1748,1,56.273,2148,1,1.565,1416,1,1.177,2799,1,18.789,18714,6,8.047,25942,8,0.681,2727,1,0.39,4986,2,1.704,863,1,0.332,6280,2,35.248,14466,5,0.212,14870,5,-0.304,22215,7,-0.662,27402,9,1423,306,341,817
E01009116,Birmingham 127D,E08000025,Birmingham,7.108,28515,9,0.062,30952,10,0.06,28243,9,2.359,31302,10,-0.275,20462,7,0.024,16428,5,5.974,32962,10,27.73,10518,4,0.071,32009,10,0.05,29984,9,-1.129,30535,10,0.126,30311,9,27.611,22258,7,-3.608,30203,9,0.235,11429,4,0.597,6817,3,1353,206,484,729
E01009117,Birmingham 126A,E08000025,Birmingham,60.705,928,1,0.628,598,1,0.358,685,1,54.035,2497,1,1.573,1392,1,1.651,811,1,16.357,22309,7,5.3,29127,9,0.749,1491,1,0.573,1416,1,1.459,1721,1,0.359,4484,2,27.389,22501,7,0.951,11851,4,-0.751,30125,9,-0.242,20173,6,2084,581,311,1239
E01009118,Birmingham 127E,E08000025,Birmingham,27.331,9687,3,0.331,8070,3,0.197,6922,3,22.8,12575,4,0.805,6393,2,0.544,8963,3,13.444,26211,8,11.722,22081,7,0.48,8742,3,0.206,12866,4,0.135,14477,5,0.282,10354,4,28.174,21710,7,-0.025,15960,5,-0.234,20735,7,-0.166,18695,6,1579,292,394,960
E01009119,Birmingham 123C,E08000025,Birmingham,21.802,13301,4,0.212,14816,5,0.161,10106,3,17.059,16501,5,0.875,5715,2,-0.032,17242,6,11.153,28982,9,26.535,11219,4,0.304,16595,5,0.167,15443,5,-0.018,16702,5,0.238,15035,5,26.123,23692,8,-0.464,17932,6,0.07,14369,5,0.816,4709,2,1425,244,437,830
E01009120,Birmingham 123D,E08000025,Birmingham,20.511,14323,5,0.201,15642,5,0.132,13494,4,24.262,11762,4,0.691,7543,3,0.602,8205,3,11.317,28781,9,12.52,21307,7,0.314,16050,5,0.13,18605,6,0.702,7289,3,0.216,17904,6,30.221,19589,6,-1.21,21381,7,-0.469,25667,8,0.339,10017,3,1898,427,427,1147
E01009122,Birmingham 014B,E08000025,Birmingham,51.517,2114,1,0.494,2657,1,0.301,1815,1,54.791,2372,1,1.539,1532,1,1.036,3810,2,20.02,17009,6,28.442,10128,4,0.595,4860,2,0.498,2512,1,1.187,3186,1,0.405,2308,1,23.576,25936,8,2.355,7334,3,0.366,9431,3,0.368,9624,3,1664,386,327,1056
E01009123,Birmingham 022A,E08000025,Birmingham,39.118,4820,2,0.493,2673,1,0.238,4360,2,30.75,8641,3,0.79,6551,2,0.877,5177,2,22.083,14330,5,21.982,13932,5,0.751,1463,1,0.295,8302,3,0.294,12242,4,0.337,5919,2,25.944,23854,8,2.64,6614,2,-0.032,16413,5,0.588,6928,3,1639,414,257,1005
E01009124,Birmingham 022B,E08000025,Birmingham,60.171,978,1,0.701,203,1,0.349,801,1,53.905,2521,1,1.124,3696,2,1.371,1767,1,22.893,13311,4,7.425,26633,8,0.872,389,1,0.515,2250,1,0.843,5905,2,0.44,1256,1,27.616,22252,7,2.647,6598,2,-0.527,26804,8,-0.199,19371,6,2121,728,145,1237
E01009125,Birmingham 022C,E08000025,Birmingham,40.61,4433,2,0.464,3376,2,0.254,3541,2,47.879,3637,2,0.95,5039,2,0.448,10257,4,17.536,20527,7,26.679,11143,4,0.652,3335,1,0.317,7438,3,0.259,12709,4,0.457,942,1,26.716,23126,7,1.36,10359,4,0.397,8970,3,0.082,14089,5,2063,477,400,1239
E01009126,Birmingham 026A,E08000025,Birmingham,18.384,16022,5,0.243,12762,4,0.132,13581,5,19.313,14848,5,0.155,14145,5,0.077,15655,5,15.57,23403,7,16.371,18028,6,0.36,13760,5,0.089,23512,7,-0.403,22601,7,0.297,9023,3,25.616,24121,8,0.95,11853,4,0.027,15175,5,-0.202,19413,6,1448,324,316,890
E01009127,Birmingham 011A,E08000025,Birmingham,58.445,1158,1,0.564,1388,1,0.345,873,1,67.961,740,1,1.419,2022,1,1.036,3812,2,20.801,15938,5,21.196,14469,5,0.684,2654,1,0.486,2715,1,1.591,1199,1,0.43,1493,1,27.172,22698,7,2.167,7840,3,0.017,15388,5,0.401,9118,3,1529,363,241,974
E01009128,Birmingham 011B,E08000025,Birmingham,62.195,794,1,0.643,472,1,0.329,1149,1,56.915,2050,1,1.515,1606,1,1.561,1062,1,19.466,17762,6,29.748,9410,3,0.894,295,1,0.604,1087,1,1.191,3166,1,0.417,1857,1,23.815,25730,8,2.193,7782,3,0.077,14241,5,1.095,2858,1,1360,359,195,857
E01009129,Birmingham 014C,E08000025,Birmingham,57.526,1266,1,0.604,850,1,0.315,1460,1,59.159,1707,1,1.387,2180,1,1.204,2635,1,17.873,20057,6,30.987,8783,3,0.862,436,1,0.546,1776,1,1.267,2693,1,0.421,1735,1,25.404,24330,8,1.611,9537,3,0.178,12389,4,1.01,3335,1,1578,377,204,1054
E01009130,Birmingham 011C,E08000025,Birmingham,53.81,1754,1,0.531,1903,1,0.309,1612,1,60.487,1523,1,1.421,2018,1,1.084,3430,2,24.131,11876,4,18.288,16549,5,0.745,1543,1,0.34,6613,2,1.359,2204,1,0.417,1856,1,25.919,23879,8,3.137,5457,2,0.116,13529,5,-0.183,19061,6,1538,388,299,925
E01009131,Birmingham 011D,E08000025,Birmingham,54.874,1608,1,0.579,1163,1,0.308,1633,1,62.197,1309,1,1.225,3061,1,1.04,3777,2,22.847,13361,4,21.586,14182,5,0.824,680,1,0.427,4029,2,1.273,2650,1,0.44,1253,1,25.395,24343,8,2.879,6030,2,0.165,12617,4,0.103,13715,5,1425,372,182,897
E01009132,Birmingham 014D,E08000025,Birmingham,54.311,1683,1,0.514,2227,1,0.321,1307,1,56.665,2083,1,1.437,1934,1,1.115,3216,1,24.211,11782,4,27.116,10864,4,0.65,3405,2,0.345,6429,2,1.169,3294,1,0.418,1827,1,25.361,24383,8,3.22,5297,2,0.122,13388,4,0.769,5114,2,1583,424,283,948
E01009133,Birmingham 011E,E08000025,Birmingham,56.848,1347,1,0.552,1571,1,0.336,1024,1,58.786,1754,1,1.699,984,1,0.829,5602,2,21.506,15038,5,24.428,12423,4,0.773,1150,1,0.438,3749,2,1.237,2888,1,0.423,1675,1,27.182,22688,7,2.347,7351,3,0.306,10329,4,0.072,14257,5,1436,322,225,935
E01009134,Birmingham 011F,E08000025,Birmingham,50.489,2286,1,0.511,2289,1,0.305,1702,1,54.364,2435,1,1.124,3695,2,1.374,1750,1,17.085,21177,7,23.096,13171,4,0.644,3549,2,0.44,3699,2,1.08,3940,2,0.416,1921,1,22.927,26473,8,1.65,9394,3,0.13,13247,4,0.359,9747,3,1804,452,350,1090
E01009135,Birmingham 010A,E08000025,Birmingham,13.776,20646,7,0.192,16253,5,0.116,15945,5,11.43,21345,7,0.196,13594,5,-0.323,21435,7,11.066,29084,9,10.943,22836,7,0.394,12245,4,0.181,14498,5,-0.801,27664,9,0.239,14960,5,29.53,20303,7,-1.145,21096,7,-0.563,27490,9,0.288,10788,4,1395,202,478,851
E01009136,Birmingham 014E,E08000025,Birmingham,47.97,2729,1,0.456,3612,2,0.322,1286,1,39.15,5715,2,1.704,968,1,0.761,6320,2,22.774,13453,4,11.388,22392,7,0.581,5303,2,0.414,4335,2,0.788,6406,2,0.348,5234,2,26.435,23392,7,2.753,6331,2,-0.529,26845,8,0.295,10676,4,1834,346,526,1051
E01009137,Birmingham 011G,E08000025,Birmingham,45.654,3238,1,0.522,2064,1,0.267,2975,1,50.849,3083,1,0.962,4933,2,1.054,3657,2,16.902,21450,7,22.529,13538,5,0.742,1591,1,0.339,6622,2,0.935,5085,2,0.41,2101,1,21.037,27897,9,1.758,9050,3,0.232,11485,4,0.043,14815,5,1603,385,264,990
E01009138,Birmingham 060A,E08000025,Birmingham,27.562,9564,3,0.373,6297,2,0.155,10780,4,24.546,11620,4,0.415,10712,4,0.292,12414,4,21.895,14570,5,31.177,8706,3,0.549,6276,2,0.289,8586,3,0.007,16349,5,0.311,7799,3,20.194,28505,9,3.081,5578,2,0.565,6707,2,0.089,13942,5,2233,511,287,1447
E01009139,Birmingham 060B,E08000025,Birmingham,30.152,8207,3,0.392,5609,2,0.156,10648,4,24.939,11407,4,0.393,11003,4,0.374,11272,4,18.922,18511,6,47.815,2686,1,0.636,3753,2,0.182,14415,5,0.083,15206,5,0.307,8104,3,18.904,29290,9,2.43,7148,3,1.049,1969,1,-0.017,15862,5,1646,332,278,1099
E01009140,Birmingham 060C,E08000025,Birmingham,28.806,8877,3,0.294,9875,3,0.203,6474,2,13.097,19770,6,0.545,9119,3,1.057,3635,2,17.317,20844,7,34.098,7297,3,0.346,14443,5,0.286,8738,3,-0.518,24209,8,0.241,14749,5,20.408,28344,9,1.915,8571,3,0.308,10302,4,1.033,3199,1,2250,392,371,1566
E01009141,Birmingham 137A,E08000025,Birmingham,59.389,1053,1,0.662,359,1,0.334,1045,1,43.835,4536,2,1.111,3791,2,0.955,4472,2,37.766,2841,1,24.469,12402,4,0.877,363,1,0.629,877,1,0.352,11456,4,0.421,1732,1,13.37,31753,10,6.16,920,1,-0.237,20791,7,1.152,2557,1,1884,528,249,1200
E01009143,Birmingham 136A,E08000025,Birmingham,57.053,1325,1,0.683,265,1,0.343,898,1,48.366,3537,2,1.013,4519,2,0.383,11145,4,26.875,9076,3,28.196,10270,4,0.835,607,1,0.758,278,1,0.046,15773,5,0.48,634,1,13.829,31630,10,4.407,3082,1,-0.097,17773,6,1.278,2057,1,1838,557,152,1156
E01009145,Birmingham 060D,E08000025,Birmingham,27.605,9539,3,0.363,6696,2,0.176,8609,3,14.111,18869,6,0.376,11197,4,0.723,6735,2,20.158,16811,5,29.979,9267,3,0.586,5128,2,0.226,11726,4,-0.506,24034,8,0.251,13566,5,20.597,28220,9,2.632,6629,2,0.345,9746,3,0.578,7045,3,1977,378,334,1316
E01009146,Birmingham 136B,E08000025,Birmingham,35.016,6161,2,0.271,11057,4,0.186,7791,3,24.572,11606,4,1.197,3229,1,1.492,1281,1,20.34,16556,5,39.929,4956,2,0.498,8088,3,0.635,841,1,0.272,12530,4,0.284,10201,4,12.454,31983,10,3.021,5710,2,0.395,9001,3,1.389,1672,1,2635,211,190,2258
E01009147,Birmingham 060E,E08000025,Birmingham,41.216,4287,2,0.397,5433,2,0.236,4433,2,21.671,13237,4,1.125,3690,2,1.299,2087,1,17.815,20140,6,53.093,1674,1,0.699,2369,1,0.262,9782,3,-0.527,24328,8,0.326,6731,2,17.851,29873,9,2.202,7754,3,0.905,3035,1,1.11,2787,1,1847,239,328,1364
E01009151,Birmingham 053A,E08000025,Birmingham,51.261,2158,1,0.57,1292,1,0.255,3479,2,55.422,2282,1,0.669,7771,3,0.493,9633,3,24.624,11293,4,63.385,618,1,0.733,1740,1,0.411,4416,2,0.674,7577,3,0.471,736,1,18.711,29406,9,3.79,4163,2,1.362,576,1,0.189,12333,4,2140,601,244,1306
E01009152,Birmingham 053B,E08000025,Birmingham,60.533,943,1,0.577,1194,1,0.314,1485,1,51.47,2964,1,1.188,3299,1,1.346,1876,1,23.341,12774,4,67.802,338,1,0.757,1373,1,0.658,676,1,0.597,8431,3,0.451,1059,1,15.974,30804,10,3.63,4476,2,1.174,1262,1,1.416,1582,1,1880,334,275,1312
E01009153,Birmingham 053C,E08000025,Birmingham,52.679,1920,1,0.572,1251,1,0.316,1446,1,35.992,6693,2,0.878,5676,2,1.512,1216,1,24.878,11022,4,33.571,7556,3,0.85,512,1,0.512,2306,1,0.389,10978,4,0.368,4037,2,18.882,29310,9,3.835,4077,2,0.122,13373,4,1.366,1744,1,2093,392,269,1503
E01009155,Birmingham 125B,E08000025,Birmingham,67.44,418,1,0.588,1041,1,0.359,660,1,78.806,190,1,1.766,818,1,1.361,1802,1,33.442,4596,2,11.229,22562,7,0.824,686,1,0.531,1983,1,1.927,463,1,0.458,925,1,35.193,14517,5,3.957,3826,2,-0.149,18881,6,-0.509,25012,8,1343,223,370,858
E01009157,Birmingham 125D,E08000025,Birmingham,60.668,933,1,0.574,1232,1,0.397,300,1,58.786,1755,1,1.612,1264,1,0.923,4760,2,25.86,10012,3,11.002,22779,7,0.753,1425,1,0.356,6017,2,1.486,1605,1,0.388,3002,1,33.399,16331,5,2.512,6917,3,-0.13,18474,6,-0.649,27202,9,1431,323,352,807
E01009158,Birmingham 129A,E08000025,Birmingham,37.13,5407,2,0.42,4691,2,0.227,4933,2,37.156,6309,2,1.141,3583,2,0.582,8475,3,27.291,8675,3,5.792,28553,9,0.601,4708,2,0.294,8379,3,0.99,4620,2,0.3,8690,3,31.927,17772,6,3.096,5542,2,-0.543,27122,9,-0.449,23992,8,2277,534,392,1387
E01009159,Birmingham 130A,E08000025,Birmingham,17.757,16584,5,0.181,17172,6,0.143,12105,4,13.416,19497,6,0.41,10774,4,0.581,8487,3,13.969,25566,8,7.883,26130,8,0.271,18413,6,0.098,22262,7,-0.219,19746,6,0.218,17600,6,26.837,23025,7,0.333,14350,5,-0.936,31879,10,0.21,12005,4,2250,467,428,1475
E01009160,Birmingham 125E,E08000025,Birmingham,76.011,114,1,0.734,119,1,0.467,60,1,67.791,750,1,1.893,568,1,1.738,644,1,27.976,8150,3,14.874,19207,6,0.959,141,1,0.439,3719,2,2.095,266,1,0.366,4111,2,26.318,23514,7,3.948,3845,2,-0.259,21243,7,0.27,11025,4,1575,435,254,953
E01009161,Birmingham 125F,E08000025,Birmingham,49.952,2379,1,0.445,3898,2,0.304,1742,1,62.64,1253,1,1.349,2357,1,1.225,2517,1,23.03,13146,4,9.782,23995,8,0.541,6557,2,0.343,6493,2,1.801,652,1,0.365,4168,2,33.184,16549,5,1.822,8850,3,-0.224,20497,7,-0.543,25586,8,1380,305,395,762
E01009162,Birmingham 124A,E08000025,Birmingham,29.705,8413,3,0.312,8965,3,0.195,7061,3,25.155,11279,4,0.544,9139,3,0.758,6360,2,16.833,21559,7,36.632,6214,2,0.459,9568,3,0.159,16011,5,0.617,8221,3,0.241,14708,5,28.566,21305,7,0.908,12001,4,0.595,6340,2,0.587,6936,3,1597,347,377,943
E01009164,Birmingham 130B,E08000025,Birmingham,27.684,9496,3,0.3,9562,3,0.204,6441,2,34.827,7128,3,0.654,7935,3,0.371,11312,4,14.858,24376,8,12.942,20933,7,0.555,6073,2,0.188,14065,5,1.092,3851,2,0.259,12743,4,24.862,24857,8,0.839,12258,4,-0.039,16561,5,-0.588,26322,8,1415,272,387,859
E01009165,Birmingham 129C,E08000025,Birmingham,46.204,3110,1,0.486,2838,1,0.253,3589,2,38.722,5848,2,1.363,2273,1,1.33,1959,1,25.939,9937,3,19.869,15383,5,0.668,2977,1,0.609,1044,1,1.083,3913,2,0.299,8821,3,23.412,26065,8,3.781,4183,2,0.037,15000,5,0.22,11836,4,1411,297,231,943
E01009166,Birmingham 131A,E08000025,Birmingham,25.71,10657,4,0.334,7920,3,0.164,9809,3,25.638,11041,4,0.612,8398,3,0.325,11955,4,19.375,17897,6,13.867,20079,6,0.597,4824,2,0.263,9733,3,0.744,6822,3,0.223,16882,6,27.735,22137,7,1.722,9166,3,-0.003,15781,5,-0.548,25673,8,1340,293,241,865
E01009167,Birmingham 130C,E08000025,Birmingham,26.841,9966,3,0.303,9418,3,0.189,7528,3,33.318,7647,3,0.56,8959,3,0.325,11951,4,11.859,28179,9,21.697,14103,5,0.572,5574,2,0.114,20333,7,1.031,4305,2,0.255,13154,4,23.492,26010,8,0.113,15324,5,0.225,11593,4,-0.049,16413,5,1447,320,281,903
E01009168,Birmingham 131B,E08000025,Birmingham,16.447,17771,6,0.18,17190,6,0.11,16864,5,21.122,13602,5,0.335,11747,4,-0.055,17610,6,13.385,26279,8,19.733,15501,5,0.392,12302,4,0.069,26608,8,0.148,14287,5,0.264,12211,4,28.834,21030,7,-0.153,16567,5,0.198,12018,4,-0.246,20220,6,1445,220,399,918
E01009169,Birmingham 129D,E08000025,Birmingham,18.591,15860,5,0.238,13027,4,0.114,16173,5,25.282,11219,4,0.579,8762,3,-0.453,23273,7,13.624,25986,8,15.942,18332,6,0.42,11108,4,0.183,14329,5,0.619,8201,3,0.242,14576,5,25.059,24662,8,0.458,13806,5,0.15,12901,4,-0.868,30061,9,1693,352,312,1106
E01009170,Birmingham 131C,E08000025,Birmingham,12.191,22377,7,0.139,21327,7,0.089,21063,7,14.177,18816,6,0.286,12388,4,-0.18,19455,6,14.61,24724,8,10.804,22965,7,0.252,19524,6,0.061,28128,9,-0.116,18160,6,0.216,17884,6,30.636,19155,6,-0.096,16310,5,-0.177,19492,6,-0.492,24732,8,1504,292,391,934
E01009171,Birmingham 130D,E08000025,Birmingham,30.39,8089,3,0.32,8585,3,0.198,6830,3,42.41,4873,2,0.759,6853,3,0.51,9389,3,16.998,21318,7,15.858,18414,6,0.434,10583,4,0.221,11966,4,1.372,2135,1,0.276,10919,4,27.233,22631,7,1.15,11119,4,0.071,14350,5,-0.439,23835,8,1648,354,362,1034
E01009172,Birmingham 119A,E08000025,Birmingham,52.97,1877,1,0.598,902,1,0.311,1556,1,50.356,3179,1,1.252,2889,1,1.078,3458,2,22.018,14407,5,11.649,22147,7,0.982,97,1,0.312,7620,3,1.248,2819,1,0.367,4057,2,30.799,18976,6,1.967,8436,3,-0.246,20975,7,-0.15,18397,6,1439,361,269,871
E01009173,Birmingham 119B,E08000025,Birmingham,56.018,1463,1,0.593,965,1,0.342,921,1,41.108,5212,2,1.281,2712,1,1.183,2761,1,28.515,7704,3,20.431,15001,5,0.741,1618,1,0.404,4602,2,1.028,4323,2,0.33,6438,2,31.045,18720,6,3.534,4672,2,0.277,10783,4,-0.415,23381,7,1730,493,225,1075
E01009174,Birmingham 119C,E08000025,Birmingham,50.078,2360,1,0.468,3298,1,0.307,1651,1,51.967,2865,1,1.497,1688,1,1.14,3053,1,25.301,10553,4,12.708,21135,7,0.592,4968,2,0.367,5663,2,1.476,1645,1,0.341,5669,2,32.437,17292,6,2.534,6865,3,-0.195,19897,6,-0.116,17785,6,1174,260,265,725
E01009175,Birmingham 104A,E08000025,Birmingham,22.059,13092,4,0.208,15064,5,0.134,13333,4,4.116,29277,9,0.36,11414,4,0.667,7399,3,7.454,32192,10,55.472,1370,1,0.255,19360,6,0.195,13605,5,-0.997,29527,9,0.155,26842,8,17.003,30343,9,-0.775,19426,6,0.987,2387,1,1.023,3259,1,1422,279,193,986
E01009176,Birmingham 105E,E08000025,Birmingham,25.569,10739,4,0.332,8036,3,0.185,7876,3,15.107,18052,6,0.41,10782,4,0.379,11194,4,20.21,16741,5,22.306,13706,5,0.531,6917,3,0.234,11233,4,-0.432,23003,7,0.256,12969,4,26.886,22966,7,2.052,8177,3,-0.084,17508,6,0.714,5629,2,1750,382,394,1067
E01009177,Birmingham 104B,E08000025,Birmingham,21.6,13445,4,0.274,10917,4,0.143,12107,4,6.951,25983,8,0.281,12457,4,0.369,11339,4,10.48,29694,9,42.541,4076,2,0.362,13675,5,0.272,9288,3,-0.534,24430,8,0.166,25249,8,18.221,29687,9,0.147,15162,5,0.969,2504,1,-0.313,21491,7,1553,320,251,1039
E01009178,Birmingham 104C,E08000025,Birmingham,30.811,7896,3,0.243,12731,4,0.168,9418,3,10.215,22475,7,0.624,8262,3,1.532,1151,1,18.116,19689,6,55.327,1398,1,0.27,18457,6,0.325,7138,3,-0.335,21514,7,0.191,21471,7,15.237,31114,10,2.397,7228,3,1.026,2113,1,0.859,4352,2,1638,290,267,1150
E01009179,Birmingham 104D,E08000025,Birmingham,17.416,16907,6,0.238,13031,4,0.113,16332,5,7.072,25864,8,0.223,13186,4,0.081,15596,5,8.473,31459,10,36.416,6315,2,0.353,14099,5,0.15,16762,5,-0.682,26318,8,0.18,23187,7,19.559,28904,9,-0.61,18633,6,0.414,8706,3,1.009,3345,1,1707,322,432,1060
E01009182,Birmingham 092A,E08000025,Birmingham,57.348,1290,1,0.591,999,1,0.322,1292,1,28.514,9615,3,1.71,952,1,1.325,1976,1,27.998,8131,3,33.978,7362,3,0.855,479,1,0.563,1545,1,-0.077,17579,6,0.351,4996,2,16.64,30526,10,4.532,2868,1,0.557,6819,3,0.425,8801,3,1582,290,274,1133
E01009183,Birmingham 088C,E08000025,Birmingham,8.897,26344,8,0.099,26206,8,0.064,26977,8,1.623,32159,10,-0.534,24157,8,0.343,11692,4,11.922,28108,9,29.944,9287,3,0.14,27559,9,0.08,24820,8,-1.899,33380,10,0.133,29586,9,25.716,24046,8,-0.136,16494,5,0.266,10952,4,0.744,5354,2,1667,339,341,1083
E01009184,Birmingham 092B,E08000025,Birmingham,28.729,8920,3,0.255,12001,4,0.18,8280,3,2.375,31289,10,0.708,7349,3,0.55,8894,3,22.206,14177,5,60.164,852,1,0.298,16883,6,0.306,7905,3,-1.239,31211,10,0.133,29612,9,16.731,30479,10,3.344,5043,2,1.092,1699,1,1.042,3151,1,1556,225,363,1054
E01009185,Birmingham 093A,E08000025,Birmingham,16.897,17373,6,0.174,17780,6,0.133,13480,4,7.688,25157,8,0.014,16210,5,0.113,15108,5,17.778,20186,6,33.412,7633,3,0.234,20769,7,0.131,18580,6,-0.767,27282,9,0.193,21176,7,24.204,25439,8,1.717,9189,3,0.502,7534,3,0.527,7617,3,1705,264,530,1038
E01009186,Birmingham 088D,E08000025,Birmingham,17.56,16781,5,0.185,16825,5,0.137,12897,4,5.719,27390,9,0.336,11719,4,0.532,9095,3,18.38,19300,6,17.171,17380,6,0.22,21642,7,0.154,16436,5,-0.881,28456,9,0.173,24170,8,28.159,21725,7,1.393,10229,4,-0.192,19819,6,0.397,9190,3,1847,388,376,1172
E01009187,Birmingham 092C,E08000025,Birmingham,16.958,17318,6,0.16,19109,6,0.145,11949,4,3.25,30303,9,0.516,9482,3,-0.034,17265,6,13.23,26477,8,30.205,9155,3,0.072,31942,10,0.213,12455,4,-1.136,30586,10,0.146,27971,9,22.092,27132,9,0.657,12982,4,0.616,6096,2,-0.231,19957,6,1500,257,437,924
E01009188,Birmingham 092D,E08000025,Birmingham,23.331,12230,4,0.227,13798,5,0.16,10193,4,5.122,28111,9,0.701,7412,3,0.616,8038,3,12.344,27584,9,41.8,4325,2,0.318,15840,5,0.17,15229,5,-1.323,31676,10,0.181,22884,7,18.12,29744,9,0.698,12803,4,0.892,3147,1,0.034,14962,5,1483,289,317,973
E01009189,Birmingham 104E,E08000025,Birmingham,15.341,18943,6,0.185,16845,5,0.127,14214,5,2.286,31379,10,0.076,15296,5,-0.156,19089,6,12.255,27700,9,34.09,7302,3,0.253,19455,6,0.117,19989,6,-1.146,30657,10,0.125,30384,10,21.452,27596,9,0.43,13928,5,0.724,4865,2,-0.154,18459,6,1393,286,379,830
E01009192,Birmingham 052B,E08000025,Birmingham,52.748,1910,1,0.589,1023,1,0.24,4214,2,56.385,2131,1,0.873,5736,2,0.262,12891,4,34.686,4032,2,56.22,1266,1,0.764,1273,1,0.581,1329,1,0.409,10728,4,0.514,336,1,17.994,29800,9,5.597,1453,1,1.053,1945,1,0.843,4495,2,2767,692,312,1773
E01009195,Birmingham 058A,E08000025,Birmingham,55.349,1551,1,0.618,699,1,0.261,3204,1,62.841,1234,1,0.851,5965,2,0.268,12790,4,36.152,3419,2,46.438,3016,1,0.762,1296,1,0.603,1097,1,0.715,7150,3,0.534,211,1,20.535,28256,9,5.715,1316,1,0.949,2669,1,0.304,10537,4,2698,809,244,1638
E01009197,Birmingham 058C,E08000025,Birmingham,45.92,3193,1,0.564,1375,1,0.223,5146,2,59.691,1624,1,0.645,8036,3,0.416,10707,4,28.797,7467,3,30.754,8886,3,0.694,2474,1,0.603,1099,1,0.977,4722,2,0.465,820,1,21.237,27758,9,4.484,2949,1,0.405,8841,3,0.505,7871,3,1903,545,186,1190
E01009199,Birmingham 052D,E08000025,Birmingham,36.546,5612,2,0.525,1998,1,0.201,6608,2,29.196,9317,3,0.689,7562,3,0.554,8843,3,20.073,16923,6,24.19,12567,4,0.687,2593,1,0.549,1737,1,0.003,16405,5,0.351,5040,2,16.348,30648,10,2.829,6125,2,-0.387,24003,8,1.349,1806,1,1450,409,101,977
E01009200,Birmingham 139A,E08000025,Birmingham,56.324,1424,1,0.622,651,1,0.303,1754,1,43.962,4501,2,1.225,3063,1,1.344,1887,1,25.978,9893,3,31.925,8348,3,0.722,1931,1,0.626,904,1,0.474,9860,3,0.412,2041,1,15.924,30831,10,4.159,3465,2,-0.235,20740,7,1.844,582,1,1827,595,139,1119
E01009201,Birmingham 043A,E08000025,Birmingham,57.165,1311,1,0.642,488,1,0.335,1029,1,53.871,2527,1,1.153,3511,2,0.631,7854,3,25.038,10837,4,28.632,10029,3,0.806,832,1,0.554,1666,1,0.266,12633,4,0.508,385,1,20.715,28127,9,3.772,4199,2,-0.132,18528,6,1.38,1692,1,1993,556,293,1182
E01009202,Birmingham 043B,E08000025,Birmingham,60.072,985,1,0.631,572,1,0.355,726,1,51.509,2950,1,1.294,2646,1,0.93,4695,2,24.198,11795,4,36.537,6257,2,0.697,2405,1,0.466,3119,1,0.447,10237,4,0.466,801,1,23.156,26278,8,3.419,4896,2,0.248,11222,4,1.39,1669,1,1803,601,225,995
E01009204,Birmingham 052E,E08000025,Birmingham,56.963,1331,1,0.685,258,1,0.299,1888,1,45.287,4212,2,1.169,3404,2,0.688,7171,3,33.04,4794,2,30.269,9127,3,0.84,577,1,0.786,205,1,-0.563,24814,8,0.496,461,1,15.831,30869,10,5.386,1670,1,-0.179,19536,6,1.611,1050,1,2192,656,224,1343
E01009205,Birmingham 120A,E08000025,Birmingham,16.822,17450,6,0.202,15519,5,0.129,13903,5,15.926,17368,6,0.186,13729,5,-0.224,20043,6,10.148,30020,9,26.306,11353,4,0.31,16265,5,0.135,18131,6,0.242,12958,4,0.191,21409,7,25.64,24106,8,-0.74,19271,6,0.347,9713,3,0.185,12404,4,1564,278,445,959
E01009206,Birmingham 120B,E08000025,Birmingham,18.112,16273,5,0.17,18141,6,0.115,15998,5,14.162,18829,6,0.106,14841,5,0.55,8882,3,12.529,27358,9,37.845,5737,2,0.361,13738,5,0.061,28018,9,-0.19,19308,6,0.224,16841,5,24.476,25182,8,0.2,14912,5,0.534,7094,3,0.855,4397,2,1529,246,486,912
E01009207,Birmingham 124B,E08000025,Birmingham,10.144,24801,8,0.119,23554,7,0.087,21523,7,10.834,21894,7,-0.251,20100,6,-0.63,25677,8,10.463,29707,9,26.224,11401,4,0.181,24474,8,0.081,24639,8,-0.479,23673,8,0.212,18463,6,26.25,23573,7,-0.72,19164,6,0.418,8654,3,-0.046,16366,5,1615,296,453,967
E01009208,Birmingham 124C,E08000025,Birmingham,15.205,19102,6,0.167,18380,6,0.099,18959,6,15.142,18026,6,0.347,11579,4,-0.126,18660,6,15.367,23683,8,23.777,12798,4,0.302,16665,5,0.073,26049,8,-0.145,18619,6,0.23,16003,5,29.111,20730,7,0.392,14076,5,0.266,10959,4,0.104,13703,5,1664,318,377,1074
E01009209,Birmingham 124D,E08000025,Birmingham,29.623,8465,3,0.309,9105,3,0.199,6758,3,28.189,9767,3,0.838,6074,2,0.599,8246,3,16.651,21866,7,25.645,11728,4,0.489,8438,3,0.226,11677,4,0.657,7765,3,0.267,11841,4,24.382,25266,8,1.389,10252,4,0.183,12292,4,0.503,7895,3,2037,369,477,1318
E01009210,Birmingham 126B,E08000025,Birmingham,41.705,4152,2,0.439,4094,2,0.284,2325,1,34.623,7201,3,1.115,3772,2,0.971,4331,2,18.193,19578,6,20.681,14822,5,0.676,2829,1,0.24,10927,4,0.758,6709,2,0.314,7615,3,25.279,24455,8,1.71,9215,3,0.129,13273,4,0.088,13954,5,1757,390,379,1087
E01009211,Birmingham 120C,E08000025,Birmingham,12.649,21833,7,0.151,19967,6,0.107,17483,6,15.101,18059,6,0.063,15527,5,-0.182,19487,6,13.816,25744,8,8.927,24955,8,0.257,19217,6,0.081,24613,8,-0.124,18282,6,0.227,16359,5,30.165,19649,6,-0.271,17067,6,-0.434,24966,8,-0.146,18317,6,1419,208,422,937
E01009212,Birmingham 126C,E08000025,Birmingham,48.058,2713,1,0.446,3888,2,0.295,1991,1,45.551,4153,2,1.38,2211,1,1.302,2078,1,24.344,11641,4,20.523,14949,5,0.631,3883,2,0.286,8739,3,0.976,4727,2,0.371,3868,2,26.122,23693,8,3.176,5393,2,0.216,11737,4,-0.18,18991,6,1801,437,316,1107
E01009213,Birmingham 124E,E08000025,Birmingham,33.377,6794,3,0.321,8486,3,0.223,5142,2,33.63,7537,3,1.049,4239,2,0.899,5002,2,17.427,20674,7,17.146,17403,6,0.513,7554,3,0.186,14169,5,0.898,5390,2,0.282,10328,4,24.881,24837,8,1.545,9724,3,0.121,13413,4,-0.396,23022,7,1620,277,493,945
E01009214,Birmingham 126D,E08000025,Birmingham,56.357,1420,1,0.528,1945,1,0.346,848,1,44.853,4314,2,1.808,726,1,1.445,1452,1,23.26,12862,4,10.588,23164,7,0.79,975,1,0.431,3916,2,0.987,4651,2,0.364,4206,2,28.466,21406,7,2.628,6641,2,-0.287,21854,7,-0.21,19560,6,1595,319,303,1071
E01009215,Birmingham 126E,E08000025,Birmingham,63.379,695,1,0.587,1054,1,0.42,172,1,44.025,4486,2,1.891,575,1,1.477,1338,1,20.841,15890,5,18.733,16220,5,0.78,1066,1,0.441,3674,2,0.791,6373,2,0.382,3291,1,24.223,25426,8,2.5,6941,3,0.131,13233,4,-0.17,18779,6,1842,433,459,1090
E01009216,Birmingham 131D,E08000025,Birmingham,30.005,8270,3,0.319,8606,3,0.218,5472,2,30.612,8686,3,0.8,6446,2,0.444,10306,4,18.846,18623,6,15.479,18718,6,0.5,8005,3,0.142,17445,6,0.62,8186,3,0.297,9022,3,29.337,20497,7,1.349,10406,4,-0.228,20580,7,0.283,10852,4,2086,460,558,1166
E01009217,Birmingham 131E,E08000025,Birmingham,16.912,17361,6,0.175,17683,6,0.103,18196,6,20.0,14365,5,0.238,12999,4,0.454,10189,4,17.026,21268,7,18.494,16403,5,0.358,13869,5,0.088,23652,8,0.21,13402,4,0.244,14399,5,35.0,14718,5,-0.281,17110,6,0.158,12743,4,-0.3,21227,7,1533,240,406,980
E01009218,Birmingham 120D,E08000025,Birmingham,19.354,15229,5,0.186,16729,5,0.165,9691,3,5.69,27427,9,0.604,8487,3,0.5,9548,3,6.806,32594,10,23.234,13097,4,0.167,25502,8,0.183,14394,5,-1.338,31742,10,0.189,21713,7,24.139,25482,8,-1.925,24519,8,0.093,13921,5,0.45,8486,3,1644,313,490,940
E01009219,Birmingham 120E,E08000025,Birmingham,30.404,8083,3,0.298,9657,3,0.186,7739,3,19.528,14692,5,0.687,7588,3,1.452,1430,1,11.945,28082,9,33.14,7753,3,0.46,9545,3,0.12,19666,6,0.184,13750,5,0.242,14642,5,21.65,27455,9,0.321,14396,5,0.546,6924,3,0.366,9651,3,1490,303,334,915
E01009220,Birmingham 008A,E08000025,Birmingham,26.256,10346,4,0.337,7761,3,0.171,9067,3,32.679,7889,3,0.401,10892,4,0.275,12671,4,14.711,24568,8,20.542,14933,5,0.526,7081,3,0.245,10645,4,0.473,9883,3,0.333,6166,2,24.235,25411,8,0.87,12146,4,-0.04,16593,5,0.455,8415,3,1584,373,293,990
E01009221,Birmingham 007A,E08000025,Birmingham,26.118,10424,4,0.256,11930,4,0.171,9089,3,30.632,8678,3,0.505,9600,3,0.853,5380,2,12.702,27160,9,24.412,12433,4,0.4,12007,4,0.13,18641,6,0.647,7872,3,0.293,9363,3,25.646,24101,8,0.109,15348,5,0.107,13686,5,0.546,7380,3,1517,302,382,936
E01009222,Birmingham 008B,E08000025,Birmingham,43.521,3695,2,0.487,2827,1,0.266,2995,1,48.253,3557,2,1.273,2748,1,0.492,9644,3,17.16,21062,7,21.872,13989,5,0.64,3659,2,0.357,5992,2,1.167,3309,1,0.363,4254,2,22.999,26413,8,1.664,9352,3,0.061,14544,5,0.382,9408,3,1521,368,228,973
E01009223,Birmingham 013A,E08000025,Birmingham,22.7,12659,4,0.242,12788,4,0.143,12130,4,20.663,13902,5,0.397,10947,4,0.362,11430,4,16.104,22646,7,35.798,6564,2,0.388,12505,4,0.261,9856,3,-0.134,18432,6,0.288,9834,3,28.218,21668,7,0.75,12598,4,0.391,9062,3,1.009,3347,1,1585,270,420,1007
E01009224,Birmingham 008C,E08000025,Birmingham,18.79,15678,5,0.216,14543,5,0.143,12180,4,21.584,13314,4,0.399,10919,4,-0.051,17527,6,8.886,31123,10,18.99,16019,5,0.34,14740,5,0.097,22405,7,-0.216,19700,6,0.303,8446,3,25.166,24555,8,-1.158,21163,7,-0.028,16305,5,0.266,11100,4,1432,291,360,863
E01009225,Birmingham 013B,E08000025,Birmingham,37.754,5220,2,0.427,4478,2,0.245,3977,2,38.733,5842,2,1.018,4481,2,0.659,7516,3,17.396,20717,7,20.471,14971,5,0.573,5521,2,0.34,6595,2,0.764,6647,2,0.348,5243,2,25.435,24292,8,1.469,9976,3,0.105,13726,5,0.127,13314,4,1643,354,475,913
E01009226,Birmingham 017A,E08000025,Birmingham,23.744,11953,4,0.249,12366,4,0.175,8769,3,22.109,12975,4,0.433,10504,4,0.501,9521,3,13.16,26559,8,26.408,11301,4,0.413,11406,4,0.151,16724,5,-0.022,16757,5,0.292,9503,3,24.232,25417,8,0.419,13960,5,0.294,10517,4,0.329,10153,4,1481,299,364,919
E01009227,Birmingham 013C,E08000025,Birmingham,22.255,12959,4,0.23,13570,5,0.16,10240,4,24.146,11832,4,0.408,10807,4,0.265,12828,4,11.413,28677,9,29.321,9643,3,0.394,12224,4,0.125,19153,6,-0.005,16519,5,0.309,8005,3,26.166,23650,8,-0.38,17552,6,0.338,9865,3,0.53,7574,3,1641,301,430,1028
E01009228,Birmingham 013D,E08000025,Birmingham,20.315,14460,5,0.246,12523,4,0.138,12833,4,23.303,12312,4,0.406,10831,4,-0.214,19910,6,12.626,27244,9,26.773,11077,4,0.39,12413,4,0.131,18510,6,0.392,10945,4,0.255,13097,4,25.317,24424,8,0.131,15247,5,0.276,10786,4,0.406,9055,3,1585,343,355,990
E01009229,Birmingham 017B,E08000025,Birmingham,20.333,14451,5,0.253,12123,4,0.128,14065,5,30.72,8650,3,0.336,11724,4,-0.323,21437,7,12.762,27077,9,23.098,13169,4,0.443,10200,4,0.129,18728,6,0.36,11343,4,0.33,6422,2,26.721,23123,7,-0.015,15918,5,0.29,10572,4,-0.051,16477,5,1604,344,361,973
E01009230,Birmingham 017C,E08000025,Birmingham,26.217,10381,4,0.284,10401,4,0.169,9269,3,29.269,9272,3,0.427,10572,4,0.331,11847,4,14.275,25152,8,36.79,6149,2,0.406,11695,4,0.129,18707,6,0.316,11948,4,0.322,6965,3,21.256,27743,9,1.028,11551,4,0.649,5721,2,0.442,8574,3,1656,361,376,1014
E01009231,Birmingham 017D,E08000025,Birmingham,20.023,14702,5,0.249,12359,4,0.132,13557,5,24.144,11833,4,0.171,13938,5,-0.496,23860,8,10.46,29710,9,36.221,6395,2,0.513,7575,3,0.117,19979,6,-0.124,18280,6,0.319,7212,3,25.499,24228,8,-0.613,18648,6,0.562,6757,3,0.639,6371,2,1910,345,515,1162
E01009232,Birmingham 022D,E08000025,Birmingham,26.143,10412,4,0.298,9625,3,0.146,11798,4,23.917,11952,4,0.644,8042,3,0.245,13156,4,19.177,18171,6,38.439,5502,2,0.471,9080,3,0.15,16756,5,0.028,16041,5,0.303,8425,3,34.967,14753,5,0.39,14083,5,0.536,7063,3,0.899,4041,2,1599,329,418,942
E01009233,Birmingham 008D,E08000025,Birmingham,43.474,3710,2,0.5,2529,1,0.271,2812,1,53.321,2619,1,0.906,5414,2,0.761,6323,2,15.931,22905,7,17.213,17345,6,0.694,2476,1,0.295,8306,3,1.246,2830,1,0.387,3023,1,24.879,24841,8,1.146,11134,4,0.159,12736,4,-0.548,25677,8,1641,472,268,959
E01009234,Birmingham 019A,E08000025,Birmingham,17.848,16499,5,0.26,11680,4,0.119,15440,5,18.086,15724,5,0.223,13199,4,-0.35,21800,7,15.05,24106,8,20.433,14997,5,0.481,8737,3,0.15,16795,5,-0.08,17617,6,0.256,12995,4,31.172,18571,6,-0.069,16177,5,0.063,14499,5,0.224,11778,4,1479,319,275,966
E01009235,Birmingham 016A,E08000025,Birmingham,18.312,16078,5,0.245,12636,4,0.127,14260,5,21.879,13120,4,-0.219,19627,6,-0.113,18457,6,19.714,17418,6,21.281,14413,5,0.435,10544,4,0.104,21481,7,0.092,15089,5,0.277,10793,4,27.658,22217,7,1.82,8854,3,0.297,10467,4,-0.346,22070,7,1703,378,382,1055
E01009236,Birmingham 019B,E08000025,Birmingham,18.863,15614,5,0.278,10690,4,0.13,13790,5,14.3,18720,6,0.107,14819,5,0.086,15519,5,14.039,25463,8,23.339,13051,4,0.437,10436,4,0.127,19003,6,-0.569,24900,8,0.257,12867,4,28.402,21486,7,0.123,15292,5,0.042,14883,5,0.572,7117,3,1583,378,326,955
E01009237,Birmingham 024A,E08000025,Birmingham,34.04,6528,2,0.404,5190,2,0.211,5948,2,24.481,11659,4,0.722,7219,3,0.688,7169,3,24.661,11258,4,29.606,9489,3,0.637,3747,2,0.21,12600,4,0.228,13141,4,0.288,9803,3,28.012,21872,7,3.028,5698,2,0.446,8282,3,0.279,10907,4,1508,346,273,935
E01009238,Birmingham 024B,E08000025,Birmingham,22.024,13127,4,0.285,10353,4,0.147,11709,4,22.251,12888,4,0.19,13684,5,-0.108,18391,6,16.398,22244,7,31.687,8471,3,0.44,10318,4,0.147,17077,6,0.048,15731,5,0.286,10004,3,27.227,22641,7,0.982,11733,4,0.403,8884,3,0.604,6742,2,1775,348,491,1029
E01009239,Birmingham 033F,E08000025,Birmingham,66.029,511,1,0.945,3,1,0.439,121,1,36.4,6560,2,1.747,875,1,0.361,11442,4,24.159,11841,4,31.013,8774,3,0.985,89,1,0.462,3204,1,0.592,8487,3,0.35,5087,2,23.964,25612,8,3.34,5051,2,0.092,13951,5,1.182,2436,1,1508,310,262,964
E01009240,Birmingham 024C,E08000025,Birmingham,21.992,13154,4,0.296,9755,3,0.147,11622,4,20.762,13849,5,0.429,10551,4,-0.264,20615,7,19.401,17857,6,20.726,14799,5,0.525,7110,3,0.106,21207,7,0.108,14862,5,0.265,12123,4,29.974,19845,6,1.394,10227,4,0.257,11096,4,-0.287,20964,7,1497,314,315,930
E01009241,Birmingham 024D,E08000025,Birmingham,26.318,10300,4,0.393,5564,2,0.148,11578,4,22.352,12829,4,0.431,10520,4,0.423,10622,4,17.879,20042,6,22.616,13479,4,0.572,5571,2,0.176,14788,5,-0.182,19187,6,0.308,8089,3,28.152,21734,7,1.271,10700,4,0.248,11236,4,0.009,15385,5,1794,480,309,1107
E01009242,Birmingham 024E,E08000025,Birmingham,28.109,9247,3,0.385,5857,2,0.135,13112,4,25.267,11225,4,0.116,14699,5,0.918,4817,2,21.198,15414,5,33.071,7793,3,0.576,5425,2,0.267,9532,3,-0.271,20518,7,0.34,5759,2,26.104,23715,8,2.399,7222,3,0.52,7281,3,0.434,8686,3,2098,447,303,1387
E01009243,Birmingham 016B,E08000025,Birmingham,22.432,12848,4,0.326,8311,3,0.133,13476,4,19.955,14404,5,0.216,13286,4,0.308,12174,4,18.335,19362,6,23.47,12984,4,0.573,5516,2,0.159,16028,5,0.214,13343,4,0.243,14521,5,29.134,20703,7,1.246,10789,4,-0.095,17733,6,0.837,4540,2,1876,442,357,1163
E01009244,Birmingham 019C,E08000025,Birmingham,20.686,14183,5,0.31,9036,3,0.128,14123,5,15.314,17872,6,0.411,10771,4,-0.06,17694,6,16.762,21681,7,22.749,13380,4,0.501,7993,3,0.223,11845,4,-0.17,18988,6,0.235,15451,5,26.465,23361,7,1.185,10997,4,-0.059,16968,6,0.71,5672,2,1889,437,358,1185
E01009245,Birmingham 016C,E08000025,Birmingham,20.526,14313,5,0.269,11168,4,0.119,15454,5,19.639,14615,5,0.103,14882,5,0.129,14849,5,18.004,19853,6,33.44,7613,3,0.531,6908,3,0.156,16308,5,0.001,16434,5,0.265,12121,4,25.953,23842,8,1.575,9622,3,0.269,10904,4,1.054,3085,1,1435,263,346,909
E01009246,Birmingham 016D,E08000025,Birmingham,17.793,16547,5,0.24,12912,4,0.119,15370,5,19.473,14726,5,0.074,15328,5,-0.167,19266,6,16.8,21616,7,22.32,13696,5,0.425,10897,4,0.133,18331,6,0.135,14465,5,0.247,13987,5,27.371,22515,7,1.081,11379,4,0.254,11140,4,-0.048,16399,5,1568,297,377,961
E01009247,Birmingham 016E,E08000025,Birmingham,17.57,16772,5,0.269,11203,4,0.122,14923,5,20.511,14006,5,-0.043,17040,6,-0.352,21823,7,14.988,24196,8,18.085,16712,5,0.497,8147,3,0.084,24151,8,0.137,14436,5,0.258,12768,4,26.703,23135,7,0.645,13033,4,-0.047,16736,5,0.213,11960,4,1542,322,322,994
E01009248,Birmingham 019D,E08000025,Birmingham,17.668,16674,5,0.233,13360,4,0.121,15150,5,21.411,13424,4,-0.103,17947,6,-0.487,23734,8,13.131,26595,8,32.153,8234,3,0.351,14211,5,0.154,16438,5,0.046,15757,5,0.277,10777,4,27.85,22025,7,-0.069,16176,5,0.283,10674,4,0.902,4016,2,1723,350,356,1095
E01009249,Birmingham 080A,E08000025,Birmingham,18.29,16098,5,0.239,13007,4,0.151,11178,4,17.952,15805,5,0.17,13946,5,-0.03,17226,6,10.421,29757,9,14.996,19112,6,0.394,12242,4,0.154,16463,5,-0.045,17096,6,0.251,13557,5,24.17,25464,8,-0.432,17799,6,0.035,15039,5,-0.468,24291,8,1548,301,337,1009
E01009250,Birmingham 080B,E08000025,Birmingham,17.545,16794,5,0.195,16035,5,0.128,14069,5,17.172,16392,5,0.056,15621,5,0.103,15261,5,12.298,27635,9,30.009,9254,3,0.312,16135,5,0.094,22772,7,0.014,16251,5,0.236,15298,5,28.61,21257,7,-0.49,18057,6,0.2,11984,4,0.873,4248,2,1740,311,453,1077
E01009251,Birmingham 080C,E08000025,Birmingham,10.514,24372,8,0.134,21880,7,0.087,21512,7,5.075,28174,9,-0.359,21706,7,-0.126,18662,6,6.959,32508,10,30.824,8858,3,0.221,21559,7,0.11,20734,7,-1.428,32153,10,0.183,22637,7,24.564,25100,8,-1.935,24559,8,0.517,7308,3,0.205,12097,4,1551,284,395,981
E01009252,Birmingham 073C,E08000025,Birmingham,7.169,28446,9,0.094,26890,8,0.071,25267,8,1.632,32147,10,-0.711,26510,8,-0.715,26761,8,7.66,32063,10,33.071,7795,3,0.138,27723,9,0.076,25504,8,-1.517,32512,10,0.126,30352,9,25.193,24532,8,-1.709,23615,7,0.706,5038,2,-0.227,19887,6,1626,330,347,995
E01009253,Birmingham 080D,E08000025,Birmingham,15.974,18268,6,0.16,19053,6,0.112,16489,5,10.886,21848,7,0.246,12883,4,0.492,9638,3,7.498,32162,10,27.968,10403,4,0.228,21121,7,0.139,17752,6,-0.604,25347,8,0.221,17156,6,25.39,24348,8,-1.84,24137,8,0.394,9017,3,0.242,11473,4,1627,278,389,1047
E01009254,Birmingham 085C,E08000025,Birmingham,30.915,7836,3,0.387,5789,2,0.22,5340,2,24.525,11630,4,0.673,7729,3,0.543,8980,3,13.027,26726,8,23.183,13131,4,0.487,8473,3,0.437,3761,2,0.05,15696,5,0.307,8148,3,25.405,24328,8,0.232,14768,5,0.07,14366,5,0.498,7934,3,1988,392,462,1232
E01009255,Birmingham 080E,E08000025,Birmingham,28.785,8890,3,0.382,5952,2,0.216,5599,2,23.157,12389,4,0.413,10732,4,0.58,8501,3,15.311,23759,8,12.985,20890,7,0.577,5399,2,0.234,11248,4,0.201,13538,5,0.278,10727,4,26.844,23015,7,0.716,12726,4,-0.022,16217,5,-0.666,27455,9,1517,342,290,944
E01009256,Birmingham 085D,E08000025,Birmingham,25.357,10896,4,0.335,7875,3,0.178,8472,3,20.583,13956,5,0.417,10695,4,0.634,7824,3,13.834,25720,8,16.175,18168,6,0.465,9305,3,0.2,13241,4,0.007,16341,5,0.274,11195,4,27.307,22550,7,0.219,14834,5,0.072,14334,5,-0.386,22802,7,1695,417,322,1019
E01009257,Birmingham 080F,E08000025,Birmingham,33.969,6553,2,0.408,5059,2,0.224,5110,2,26.418,10626,4,0.927,5234,2,1.09,3389,2,12.568,27314,9,11.743,22061,7,0.566,5745,2,0.353,6155,2,-0.184,19215,6,0.343,5540,2,25.958,23840,8,0.035,15705,5,-0.174,19431,6,-0.324,21686,7,1639,376,288,1043
E01009258,Birmingham 085E,E08000025,Birmingham,49.46,2451,1,0.489,2775,1,0.33,1109,1,38.735,5841,2,1.256,2854,1,1.238,2449,1,24.177,11824,4,15.195,18958,6,0.591,4985,2,0.402,4663,2,0.289,12302,4,0.394,2720,1,30.521,19277,6,2.556,6804,3,0.002,15700,5,-0.306,21354,7,1537,372,296,909
E01009259,Birmingham 094E,E08000025,Birmingham,51.137,2176,1,0.554,1541,1,0.347,840,1,43.477,4617,2,1.218,3100,1,0.963,4395,2,22.083,14329,5,6.848,27285,9,0.759,1334,1,0.392,4925,2,0.972,4763,2,0.356,4684,2,30.199,19613,6,2.076,8106,3,-0.375,23746,8,-0.703,27998,9,1753,421,304,1078
E01009260,Birmingham 073D,E08000025,Birmingham,10.924,23868,8,0.126,22662,7,0.082,22626,7,4.228,29145,9,-0.052,17185,6,0.035,16273,5,12.779,27055,9,26.984,10950,4,0.201,22911,7,0.092,23043,7,-1.609,32773,10,0.174,23936,8,22.483,26813,8,0.488,13683,5,0.123,13369,4,0.754,5240,2,1618,263,543,920
E01009261,Birmingham 073E,E08000025,Birmingham,13.918,20497,7,0.165,18630,6,0.103,18215,6,7.55,25303,8,0.024,16077,5,0.367,11373,4,9.805,30334,9,24.701,12249,4,0.298,16880,6,0.089,23490,7,-0.767,27272,9,0.191,21445,7,24.769,24911,8,-0.73,19223,6,0.239,11370,4,0.275,10949,4,1729,319,473,1021
E01009262,Birmingham 133A,E08000025,Birmingham,21.549,13488,4,0.288,10210,4,0.162,10004,3,15.762,17496,6,0.153,14182,5,-0.097,18243,6,21.058,15587,5,21.615,14162,5,0.409,11596,4,0.18,14530,5,-0.565,24851,8,0.273,11301,4,30.12,19698,6,1.818,8863,3,0.2,11987,4,0.009,15378,5,1816,400,374,1177
E01009263,Birmingham 032C,E08000025,Birmingham,41.494,4216,2,0.426,4522,2,0.25,3722,2,29.924,8970,3,0.945,5083,2,0.875,5187,2,23.736,12333,4,46.918,2899,1,0.598,4794,2,0.323,7204,3,0.491,9667,3,0.307,8134,3,26.377,23460,7,2.992,5770,2,0.9,3080,1,0.56,7225,3,1653,332,290,1109
E01009264,Birmingham 032D,E08000025,Birmingham,22.314,12923,4,0.218,14379,5,0.114,16136,5,18.34,15553,5,0.642,8060,3,0.124,14928,5,32.228,5261,2,23.632,12885,4,0.479,8811,3,0.574,1405,1,-0.08,17623,6,0.259,12698,4,25.595,24138,8,4.798,2445,1,0.008,15560,5,0.665,6108,2,1885,211,159,1583
E01009265,Birmingham 032E,E08000025,Birmingham,40.916,4355,2,0.36,6794,3,0.242,4109,2,36.478,6533,2,1.01,4554,2,1.064,3562,2,24.307,11684,4,45.173,3314,1,0.515,7475,3,0.279,9015,3,-0.115,18140,6,0.408,2197,1,22.483,26812,8,3.499,4742,2,0.914,2951,1,0.317,10329,4,1857,355,373,1219
E01009266,Birmingham 034A,E08000025,Birmingham,61.896,826,1,0.585,1081,1,0.275,2660,1,64.053,1109,1,0.783,6627,2,1.653,807,1,29.863,6661,2,69.799,224,1,0.847,532,1,0.364,5768,2,1.04,4229,2,0.492,513,1,19.671,28836,9,4.735,2535,1,1.235,993,1,1.345,1821,1,1816,451,265,1157
E01009267,Birmingham 133B,E08000025,Birmingham,18.706,15765,5,0.248,12429,4,0.123,14822,5,19.301,14860,5,-0.041,17002,6,-0.068,17830,6,24.533,11401,4,15.902,18375,6,0.476,8918,3,0.189,13983,5,-0.542,24545,8,0.305,8296,3,28.782,21077,7,2.891,5996,2,0.011,15519,5,-0.22,19757,6,1870,288,532,1165
E01009268,Birmingham 036A,E08000025,Birmingham,27.398,9655,3,0.334,7910,3,0.162,10047,3,36.491,6529,2,0.265,12643,4,0.161,14404,5,24.423,11542,4,23.86,12751,4,0.548,6319,2,0.216,12252,4,-0.041,17032,6,0.403,2361,1,24.525,25138,8,3.354,5026,2,0.227,11566,4,0.214,11942,4,1471,275,321,955
E01009269,Birmingham 034B,E08000025,Birmingham,63.574,676,1,0.666,340,1,0.303,1768,1,59.726,1620,1,0.829,6164,2,1.032,3843,2,32.869,4898,2,64.527,538,1,0.854,491,1,0.341,6572,2,0.677,7552,3,0.509,371,1,20.47,28302,9,5.195,1893,1,1.246,944,1,0.803,4826,2,1555,438,210,927
E01009270,Birmingham 034C,E08000025,Birmingham,64.068,642,1,0.712,172,1,0.354,735,1,45.497,4163,2,1.294,2640,1,1.138,3065,1,28.315,7872,3,41.846,4303,2,0.85,510,1,0.651,721,1,0.307,12085,4,0.436,1345,1,19.647,28853,9,4.478,2962,1,0.762,4458,2,0.585,6957,3,2017,533,264,1240
E01009271,Birmingham 034D,E08000025,Birmingham,55.219,1564,1,0.592,976,1,0.279,2492,1,57.182,2008,1,0.72,7234,3,0.882,5128,2,33.235,4713,2,48.887,2455,1,0.784,1023,1,0.492,2617,1,0.5,9580,3,0.51,367,1,20.682,28161,9,5.244,1831,1,1.095,1680,1,-0.149,18362,6,1579,378,205,1032
E01009272,Birmingham 036B,E08000025,Birmingham,46.088,3147,1,0.546,1647,1,0.265,3026,1,41.999,4978,2,1.062,4144,2,0.673,7336,3,29.785,6713,2,16.194,18160,6,0.816,749,1,0.381,5276,2,0.814,6168,2,0.365,4148,2,26.255,23566,7,4.321,3213,1,-0.12,18265,6,0.15,12927,4,1379,319,219,905
E01009273,Birmingham 034E,E08000025,Birmingham,55.989,1468,1,0.581,1139,1,0.267,2957,1,57.58,1942,1,0.656,7907,3,1.342,1897,1,33.487,4571,2,51.278,2012,1,0.869,400,1,0.371,5545,2,0.835,5976,2,0.468,778,1,21.258,27740,9,5.263,1815,1,1.059,1904,1,0.335,10078,3,1611,343,268,1050
E01009274,Birmingham 036C,E08000025,Birmingham,49.514,2444,1,0.512,2269,1,0.256,3408,2,47.283,3772,2,0.656,7911,3,1.276,2205,1,33.587,4528,2,44.523,3514,2,0.743,1576,1,0.417,4279,2,0.453,10171,4,0.436,1364,1,18.124,29742,9,5.412,1647,1,0.81,3966,2,0.679,5984,2,2073,417,341,1393
E01009275,Birmingham 039A,E08000025,Birmingham,64.274,628,1,0.637,530,1,0.321,1317,1,56.28,2146,1,0.87,5760,2,1.528,1170,1,35.325,3751,2,54.591,1492,1,0.756,1384,1,0.626,902,1,0.628,8112,3,0.485,583,1,16.01,30788,10,5.737,1294,1,0.944,2711,1,1.101,2823,1,1745,423,206,1135
E01009276,Birmingham 133C,E08000025,Birmingham,22.105,13067,4,0.279,10665,4,0.15,11240,4,23.709,12043,4,0.159,14100,5,-0.051,17537,6,21.56,14972,5,22.071,13878,5,0.477,8888,3,0.201,13210,4,-0.138,18493,6,0.316,7418,3,33.248,16492,5,1.417,10152,4,0.329,10021,3,-0.324,21691,7,1645,296,391,1041
E01009278,Birmingham 133D,E08000025,Birmingham,19.859,14829,5,0.274,10896,4,0.129,14013,5,11.195,21573,7,0.17,13952,5,0.261,12901,4,21.278,15319,5,23.025,13207,4,0.414,11361,4,0.31,7692,3,-1.019,29717,9,0.245,14208,5,30.177,19638,6,1.867,8714,3,0.224,11617,4,0.123,13396,4,1734,332,367,1138
E01009279,Birmingham 133E,E08000025,Birmingham,18.968,15523,5,0.231,13524,5,0.123,14752,5,17.235,16339,5,0.353,11497,4,-0.011,16938,6,21.712,14773,5,18.089,16709,5,0.321,15671,5,0.159,16063,5,-0.294,20860,7,0.268,11825,4,30.879,18896,6,1.867,8713,3,0.123,13366,4,-0.244,20189,6,1542,327,314,976
E01009280,Birmingham 100A,E08000025,Birmingham,14.033,20372,7,0.187,16705,5,0.111,16767,5,9.062,23646,8,0.208,13415,4,-0.209,19834,6,15.48,23533,7,14.315,19675,6,0.311,16194,5,0.187,14124,5,-0.526,24322,8,0.194,21035,7,22.464,26833,8,1.266,10718,4,-0.248,21005,7,0.19,12318,4,1757,296,357,1214
E01009281,Birmingham 099A,E08000025,Birmingham,15.81,18438,6,0.179,17346,6,0.12,15205,5,4.092,29301,9,0.516,9494,3,-0.071,17858,6,12.278,27663,9,26.991,10947,4,0.185,24170,8,0.245,10616,4,-1.132,30563,10,0.161,25984,8,21.93,27248,9,0.39,14080,5,0.24,11358,4,0.515,7752,3,1567,275,541,833
E01009282,Birmingham 100B,E08000025,Birmingham,31.808,7451,3,0.294,9848,3,0.21,5978,2,23.176,12379,4,0.982,4785,2,0.522,9210,3,20.3,16614,5,39.289,5178,2,0.426,10876,4,0.272,9295,3,0.059,15575,5,0.294,9290,3,20.79,28070,9,2.655,6579,2,0.745,4644,2,0.384,9383,3,1706,266,305,1250
E01009283,Birmingham 079E,E08000025,Birmingham,19.822,14859,5,0.165,18633,6,0.122,14935,5,6.856,26089,8,0.212,13347,4,0.903,4960,2,15.912,22930,7,42.31,4153,2,0.224,21398,7,0.101,21811,7,-0.79,27544,9,0.184,22581,7,24.411,25245,8,1.193,10971,4,0.56,6775,3,1.202,2361,1,1869,294,284,1326
E01009284,Birmingham 096A,E08000025,Birmingham,16.927,17349,6,0.131,22175,7,0.066,26538,8,17.991,15781,5,0.551,9053,3,0.709,6924,3,18.844,18625,6,30.348,9091,3,0.37,13315,4,0.353,6152,2,0.234,13069,4,0.218,17667,6,18.716,29404,9,2.421,7170,3,0.074,14304,5,1.153,2553,1,4562,412,165,4012
E01009286,Birmingham 096C,E08000025,Birmingham,11.232,23512,7,0.052,31944,10,0.026,33468,10,24.098,11858,4,0.552,9049,3,-0.438,23060,7,11.465,28624,9,29.244,9696,3,0.183,24272,8,0.164,15645,5,0.426,10481,4,0.259,12730,4,18.587,29483,9,0.415,13979,5,0.572,6619,2,-0.188,19151,6,2464,97,55,2344
E01009288,Birmingham 100C,E08000025,Birmingham,14.695,19664,6,0.148,20340,7,0.114,16242,5,4.978,28281,9,0.283,12435,4,0.097,15362,5,11.116,29029,9,31.548,8543,3,0.256,19291,6,0.091,23136,7,-1.393,31996,10,0.181,22944,7,23.564,25949,8,-0.119,16415,5,0.494,7639,3,0.356,9798,3,1358,166,438,815
E01009289,Birmingham 096E,E08000025,Birmingham,18.244,16147,5,0.088,27667,9,0.033,32985,10,48.438,3521,2,0.703,7400,3,0.227,13387,4,13.016,26739,8,35.993,6476,2,0.602,4654,2,0.822,145,1,1.04,4230,2,0.382,3268,1,17.052,30321,9,0.958,11817,4,0.64,5818,2,0.389,9315,3,2741,112,26,2594
E01009290,Birmingham 096F,E08000025,Birmingham,13.114,21324,7,0.041,32741,10,0.021,33595,10,32.08,8115,3,0.586,8672,3,-0.253,20463,7,12.686,27173,9,32.855,7908,3,0.353,14097,5,0.362,5833,2,0.18,13810,5,0.357,4601,2,18.532,29528,9,0.776,12507,4,0.595,6336,2,0.189,12330,4,2462,55,17,2396
E01009291,Birmingham 095D,E08000025,Birmingham,33.063,6917,3,0.415,4844,2,0.219,5412,2,27.999,9874,3,0.908,5391,2,0.629,7871,3,15.41,23626,7,15.882,18398,6,0.626,4011,2,0.313,7579,3,0.425,10490,4,0.298,8933,3,26.133,23678,8,0.84,12255,4,0.133,13207,4,-0.758,28744,9,1495,339,239,987
E01009292,Birmingham 099B,E08000025,Birmingham,10.181,24756,8,0.14,21220,7,0.077,23692,8,6.023,27060,9,-0.281,20561,7,-0.011,16941,6,14.797,24453,8,20.384,15022,5,0.189,23834,8,0.089,23376,7,-1.057,30020,9,0.185,22299,7,25.24,24493,8,0.775,12512,4,0.286,10617,4,-0.473,24393,8,1605,286,313,1080
E01009293,Birmingham 100D,E08000025,Birmingham,29.209,8678,3,0.309,9107,3,0.193,7198,3,14.828,18293,6,0.574,8801,3,0.718,6800,3,17.358,20769,7,44.272,3582,2,0.408,11608,4,0.182,14438,5,-0.287,20755,7,0.241,14755,5,21.52,27544,9,1.837,8796,3,0.911,2982,1,0.237,11574,4,1545,258,295,1060
E01009294,Birmingham 099C,E08000025,Birmingham,28.311,9154,3,0.316,8788,3,0.211,5902,2,15.468,17756,6,0.502,9629,3,0.975,4298,2,16.386,22263,7,22.945,13260,4,0.45,9939,3,0.202,13118,4,-0.209,19596,6,0.241,14764,5,24.532,25135,8,1.311,10557,4,0.314,10239,4,-0.137,18141,6,1903,445,388,1155
E01009295,Birmingham 099D,E08000025,Birmingham,21.087,13854,5,0.226,13839,5,0.146,11840,4,10.959,21781,7,0.257,12734,4,0.722,6743,2,17.811,20147,6,28.769,9959,3,0.272,18333,6,0.145,17216,6,-1.012,29658,9,0.243,14541,5,18.858,29328,9,2.138,7907,3,0.306,10332,4,0.546,7388,3,1682,244,372,1120
E01009296,Birmingham 100E,E08000025,Birmingham,37.066,5440,2,0.341,7602,3,0.21,6025,2,15.254,17935,6,0.951,5028,2,1.276,2207,1,22.407,13907,5,53.492,1621,1,0.374,13144,4,0.235,11184,4,0.029,16023,5,0.212,18411,6,22.069,27151,9,3.073,5598,2,1.152,1379,1,0.126,13345,4,1507,309,150,1072
E01009297,Birmingham 057A,E08000025,Birmingham,46.395,3077,1,0.45,3780,2,0.278,2519,1,50.572,3136,1,1.442,1911,1,1.045,3734,2,22.006,14428,5,16.237,18128,6,0.614,4343,2,0.336,6735,2,1.093,3833,2,0.39,2926,1,28.946,20927,7,2.244,7634,3,-0.291,21936,7,0.465,8304,3,1798,394,436,1065
E01009298,Birmingham 054D,E08000025,Birmingham,54.603,1644,1,0.568,1318,1,0.309,1600,1,41.03,5232,2,1.689,1018,1,1.191,2713,1,21.044,15608,5,29.036,9823,3,0.718,2020,1,0.498,2513,1,0.222,13238,4,0.414,1971,1,25.74,24032,8,2.398,7225,3,-0.121,18274,6,1.401,1635,1,1615,489,154,995
E01009299,Birmingham 057B,E08000025,Birmingham,48.705,2591,1,0.535,1826,1,0.291,2111,1,50.365,3176,1,1.006,4591,2,0.944,4567,2,18.222,19522,6,33.075,7789,3,0.733,1745,1,0.389,5029,2,0.972,4764,2,0.403,2374,1,21.714,27408,9,2.055,8169,3,-0.053,16868,5,1.665,946,1,1599,413,307,934
E01009300,Birmingham 057C,E08000025,Birmingham,57.977,1215,1,0.577,1188,1,0.322,1298,1,55.401,2283,1,1.318,2514,1,1.348,1872,1,21.028,15633,5,40.117,4888,2,0.753,1419,1,0.44,3690,2,1.228,2948,1,0.404,2349,1,24.384,25262,8,2.532,6868,3,0.438,8375,3,1.301,1972,1,1955,596,268,1141
E01009301,Birmingham 057D,E08000025,Birmingham,62.566,763,1,0.571,1277,1,0.35,797,1,54.673,2383,1,1.557,1447,1,1.51,1226,1,34.675,4036,2,27.117,10861,4,0.822,707,1,0.44,3709,2,1.088,3873,2,0.416,1894,1,22.5,26797,8,5.39,1664,1,0.001,15718,5,0.996,3421,2,1706,442,239,1106
E01009302,Birmingham 069A,E08000025,Birmingham,26.339,10290,4,0.208,15069,5,0.154,10787,4,25.141,11291,4,1.089,3948,2,0.375,11259,4,20.731,16050,5,32.153,8235,3,0.421,11074,4,0.118,19933,6,0.107,14872,5,0.307,8138,3,25.94,23860,8,2.296,7492,3,0.054,14678,5,1.369,1733,1,1468,215,568,800
E01009303,Birmingham 057E,E08000025,Birmingham,50.819,2226,1,0.46,3488,2,0.291,2093,1,48.865,3452,2,1.597,1315,1,0.92,4796,2,31.384,5749,2,28.532,10080,3,0.703,2289,1,0.299,8141,3,0.931,5125,2,0.398,2558,1,23.772,25764,8,4.777,2472,1,-0.159,19122,6,1.42,1573,1,1529,322,311,956
E01009304,Birmingham 046A,E08000025,Birmingham,41.475,4220,2,0.431,4338,2,0.252,3623,2,48.692,3482,2,1.085,3974,2,0.918,4813,2,21.66,14835,5,17.914,16839,5,0.663,3093,1,0.326,7118,3,1.217,3002,1,0.359,4481,2,28.162,21723,7,2.263,7582,3,0.075,14284,5,-0.115,17767,6,1853,414,377,1150
E01009305,Birmingham 045C,E08000025,Birmingham,69.173,314,1,0.634,555,1,0.371,508,1,71.589,510,1,1.632,1201,1,1.565,1052,1,24.966,10926,4,30.27,9126,3,0.876,369,1,0.38,5300,2,1.812,633,1,0.422,1713,1,27.637,22232,7,3.143,5442,2,-0.047,16738,5,1.384,1679,1,1665,460,246,1029
E01009306,Birmingham 046B,E08000025,Birmingham,44.406,3489,2,0.434,4254,2,0.268,2894,1,50.974,3058,1,1.484,1741,1,0.887,5097,2,19.014,18388,6,16.067,18240,6,0.68,2754,1,0.364,5775,2,1.142,3491,2,0.385,3093,1,31.035,18730,6,1.119,11234,4,-0.229,20606,7,0.348,9900,3,1674,317,449,988
E01009307,Birmingham 045D,E08000025,Birmingham,54.606,1643,1,0.552,1570,1,0.332,1073,1,58.8,1750,1,1.166,3419,2,0.976,4292,2,22.801,13415,4,26.935,10982,4,0.718,2005,1,0.406,4546,2,1.455,1746,1,0.393,2776,1,29.38,20443,7,2.379,7269,3,-0.035,16462,5,1.045,3129,1,1608,386,374,955
E01009308,Birmingham 046C,E08000025,Birmingham,46.025,3172,1,0.511,2290,1,0.293,2031,1,43.008,4732,2,1.38,2213,1,0.591,8349,3,23.411,12688,4,8.517,25421,8,0.659,3180,1,0.509,2346,1,1.021,4373,2,0.346,5330,2,30.174,19643,6,2.425,7162,3,-0.431,24902,8,-0.211,19584,6,1884,494,316,1151
E01009309,Birmingham 045E,E08000025,Birmingham,53.067,1860,1,0.517,2134,1,0.304,1735,1,46.409,3964,2,1.801,743,1,1.205,2631,1,24.292,11700,4,15.664,18580,6,0.709,2178,1,0.373,5504,2,1.039,4237,2,0.369,3977,2,30.777,18998,6,2.545,6835,3,-0.38,23839,8,0.544,7414,3,1865,445,371,1127
E01009310,Birmingham 046D,E08000025,Birmingham,47.133,2916,1,0.473,3176,1,0.281,2439,1,53.142,2649,1,1.202,3201,1,1.189,2725,1,22.573,13717,5,16.279,18093,6,0.688,2583,1,0.317,7411,3,1.406,1989,1,0.363,4295,2,28.094,21784,7,2.497,6949,3,-0.023,16237,5,-0.068,16817,5,2005,482,346,1239
E01009311,Birmingham 054E,E08000025,Birmingham,59.195,1071,1,0.591,1002,1,0.309,1618,1,62.548,1262,1,1.26,2830,1,1.609,926,1,20.722,16064,5,34.47,7116,3,0.832,624,1,0.248,10513,4,1.268,2688,1,0.444,1182,1,26.521,23315,7,2.228,7680,3,0.187,12210,4,1.315,1914,1,1618,452,243,941
E01009312,Birmingham 072A,E08000025,Birmingham,18.649,15814,5,0.229,13626,5,0.121,15093,5,20.141,14269,5,0.009,16277,5,-0.109,18402,6,20.775,15977,5,26.366,11323,4,0.371,13245,4,0.159,16001,5,-0.229,19876,6,0.291,9547,3,29.678,20153,6,1.811,8884,3,0.433,8450,3,-0.072,16918,6,1574,290,381,978
E01009313,Birmingham 076D,E08000025,Birmingham,25.693,10668,4,0.312,8953,3,0.163,9878,3,33.256,7672,3,0.195,13613,5,0.301,12270,4,21.668,14819,5,20.791,14747,5,0.473,9005,3,0.165,15582,5,0.688,7426,3,0.311,7805,3,25.313,24428,8,2.598,6704,2,0.248,11231,4,-0.244,20196,6,1718,374,374,1074
E01009314,Birmingham 069B,E08000025,Birmingham,36.32,5684,2,0.393,5578,2,0.212,5896,2,41.468,5124,2,1.004,4600,2,0.496,9585,3,23.005,13178,4,27.706,10534,4,0.528,7024,3,0.27,9408,3,0.872,5633,2,0.354,4788,2,25.138,24584,8,2.942,5880,2,0.15,12894,4,0.769,5111,2,2012,462,471,1205
E01009315,Birmingham 081A,E08000025,Birmingham,32.919,6986,3,0.311,8982,3,0.191,7398,3,32.54,7944,3,0.779,6661,2,0.799,5903,2,29.096,7223,3,29.08,9800,3,0.479,8793,3,0.252,10300,4,0.511,9441,3,0.328,6545,2,23.685,25847,8,4.394,3102,1,0.481,7802,3,0.115,13535,5,1840,332,498,1121
E01009316,Birmingham 081B,E08000025,Birmingham,28.591,8986,3,0.321,8502,3,0.162,10012,3,24.251,11771,4,0.291,12322,4,0.695,7093,3,25.177,10680,4,37.582,5852,2,0.535,6794,3,0.17,15218,5,0.223,13227,4,0.287,9944,3,25.05,24672,8,3.483,4774,2,0.664,5539,2,0.476,8178,3,1933,377,404,1228
E01009317,Birmingham 081C,E08000025,Birmingham,32.895,7004,3,0.334,7896,3,0.21,5993,2,30.86,8591,3,0.792,6530,2,0.644,7706,3,25.653,10211,4,26.646,11167,4,0.512,7606,3,0.216,12239,4,0.585,8586,3,0.304,8410,3,30.144,19670,6,2.975,5807,2,0.158,12740,4,0.654,6210,2,2047,506,367,1261
E01009318,Birmingham 081D,E08000025,Birmingham,15.787,18464,6,0.167,18438,6,0.12,15319,5,19.618,14629,5,-0.008,16550,5,-0.335,21598,7,20.847,15882,5,17.987,16786,5,0.294,17130,6,0.097,22295,7,0.104,14916,5,0.253,13388,4,30.052,19758,6,1.772,9007,3,0.13,13244,4,-0.285,20933,7,1595,290,419,983
E01009319,Birmingham 081E,E08000025,Birmingham,15.088,19230,6,0.154,19642,6,0.107,17393,6,20.546,13982,5,-0.166,18866,6,-0.34,21658,7,15.549,23441,7,31.049,8762,3,0.283,17690,6,0.098,22188,7,0.217,13313,4,0.249,13802,5,25.654,24097,8,0.941,11888,4,0.619,6057,2,-0.12,17860,6,1572,241,415,1024
E01009320,Birmingham 081F,E08000025,Birmingham,28.129,9238,3,0.244,12698,4,0.182,8110,3,24.188,11806,4,0.213,13345,4,0.981,4256,2,18.112,19694,6,44.544,3508,2,0.398,12041,4,0.109,20925,7,0.221,13244,4,0.286,9988,3,26.385,23448,7,1.555,9693,3,0.727,4826,2,0.939,3785,2,1677,320,410,1021
E01009321,Birmingham 069C,E08000025,Birmingham,65.963,516,1,0.612,772,1,0.379,421,1,69.36,653,1,1.503,1662,1,1.166,2882,1,28.777,7487,3,25.36,11895,4,0.79,970,1,0.564,1537,1,1.501,1545,1,0.455,973,1,28.402,21487,7,3.907,3926,2,-0.249,21043,7,1.263,2122,1,1993,493,311,1228
E01009322,Birmingham 069D,E08000025,Birmingham,57.355,1289,1,0.574,1227,1,0.334,1043,1,48.549,3500,2,1.594,1325,1,1.138,3063,1,26.245,9663,3,24.514,12372,4,0.874,375,1,0.409,4453,2,0.602,8389,3,0.429,1502,1,26.895,22961,7,3.543,4659,2,-0.154,19013,6,1.032,3212,1,1748,383,257,1148
E01009323,Birmingham 069E,E08000025,Birmingham,45.1,3333,1,0.515,2192,1,0.283,2380,1,42.473,4852,2,1.165,3426,2,0.699,7030,3,24.866,11039,4,10.376,23394,7,0.697,2407,1,0.435,3839,2,0.838,5954,2,0.366,4110,2,28.084,21791,7,3.068,5611,2,-0.409,24448,8,0.002,15512,5,1792,472,297,1076
E01009324,Birmingham 072B,E08000025,Birmingham,19.542,15064,5,0.211,14862,5,0.123,14761,5,27.058,10331,4,0.526,9358,3,-0.205,19789,6,14.865,24367,8,22.496,13567,5,0.386,12584,4,0.112,20587,7,0.269,12576,4,0.307,8102,3,27.062,22793,7,0.563,13378,4,0.362,9500,3,-0.396,23002,7,1715,315,515,1011
E01009325,Birmingham 063A,E08000025,Birmingham,52.397,1964,1,0.657,388,1,0.249,3770,2,63.103,1196,1,0.697,7468,3,0.457,10143,4,32.962,4852,2,21.703,14099,5,0.905,268,1,0.58,1341,1,0.819,6124,2,0.52,296,1,22.475,26821,8,5.112,2000,1,0.339,9845,3,-0.44,23844,8,1968,562,204,1197
E01009326,Birmingham 066D,E08000025,Birmingham,46.843,2979,1,0.624,631,1,0.221,5285,2,51.562,2939,1,0.612,8400,3,0.394,10985,4,30.013,6575,2,28.895,9898,3,0.814,758,1,0.446,3568,2,0.237,13015,4,0.49,540,1,21.987,27211,9,4.648,2669,1,0.373,9326,3,0.394,9223,3,2154,618,267,1269
E01009327,Birmingham 139B,E08000025,Birmingham,54.902,1603,1,0.637,524,1,0.256,3444,2,59.008,1727,1,0.872,5744,2,0.262,12887,4,29.999,6583,2,52.853,1716,1,0.826,667,1,0.543,1817,1,0.416,10611,4,0.538,184,1,18.488,29550,9,4.806,2430,1,1.075,1808,1,0.426,8789,3,1619,436,185,1022
E01009328,Birmingham 139C,E08000025,Birmingham,56.479,1395,1,0.623,637,1,0.277,2566,1,59.942,1588,1,0.866,5806,2,-0.085,18056,6,30.666,6197,2,61.245,773,1,0.884,339,1,0.494,2595,1,0.331,11758,4,0.567,81,1,16.975,30359,9,4.973,2197,1,1.282,822,1,0.335,10068,3,2394,580,346,1490
E01009329,Birmingham 070A,E08000025,Birmingham,58.739,1122,1,0.702,198,1,0.269,2852,1,47.017,3843,2,0.882,5642,2,0.799,5901,2,30.261,6432,2,61.593,746,1,0.95,160,1,0.65,727,1,-0.552,24685,8,0.514,339,1,14.953,31223,10,4.959,2217,1,1.143,1427,1,0.973,3569,2,2638,723,309,1664
E01009331,Birmingham 139D,E08000025,Birmingham,50.484,2289,1,0.614,751,1,0.198,6841,3,56.988,2033,1,0.733,7104,3,0.238,13244,4,28.785,7472,3,61.533,753,1,0.795,932,1,0.554,1674,1,0.253,12797,4,0.539,181,1,16.55,30567,10,4.665,2645,1,1.236,989,1,0.573,7104,3,2473,709,232,1512
E01009332,Birmingham 139E,E08000025,Birmingham,65.311,570,1,0.722,145,1,0.351,777,1,56.42,2124,1,1.193,3264,1,1.359,1811,1,24.644,11275,4,40.017,4927,2,0.831,632,1,0.613,1019,1,0.263,12666,4,0.532,219,1,13.91,31601,10,3.951,3840,2,0.384,9169,3,1.422,1561,1,1951,544,258,1210
E01009333,Birmingham 139F,E08000025,Birmingham,66.237,501,1,0.789,34,1,0.304,1739,1,65.367,950,1,1.062,4142,2,0.671,7349,3,29.134,7191,3,62.552,680,1,0.955,152,1,0.93,62,1,0.75,6770,3,0.556,110,1,14.031,31559,10,4.788,2460,1,1.304,749,1,0.373,9551,3,1620,534,117,964
E01009334,Birmingham 070B,E08000025,Birmingham,49.797,2397,1,0.597,915,1,0.257,3387,2,43.304,4661,2,0.988,4729,2,0.167,14318,5,23.575,12499,4,54.296,1520,1,0.834,612,1,0.524,2096,1,-0.142,18569,6,0.455,983,1,16.155,30726,10,3.672,4389,2,1.085,1740,1,0.529,7603,3,1829,396,310,1154
E01009335,Birmingham 139G,E08000025,Birmingham,48.872,2556,1,0.591,998,1,0.213,5788,2,53.844,2532,1,0.709,7341,3,0.782,6083,2,30.654,6206,2,43.353,3852,2,0.779,1084,1,0.512,2295,1,0.143,14365,5,0.52,290,1,18.484,29551,9,4.93,2271,1,0.695,5161,2,0.921,3908,2,2032,531,261,1249
E01009337,Birmingham 070C,E08000025,Birmingham,58.673,1128,1,0.706,186,1,0.25,3740,2,57.916,1896,1,0.849,5977,2,0.351,11589,4,33.0,4824,2,62.841,663,1,0.857,469,1,0.753,289,1,0.223,13219,4,0.554,115,1,18.267,29666,9,5.31,1762,1,1.215,1069,1,0.775,5056,2,1903,579,165,1148
E01009338,Birmingham 070D,E08000025,Birmingham,56.825,1350,1,0.622,652,1,0.239,4307,2,57.793,1910,1,0.863,5840,2,0.655,7563,3,32.473,5127,2,68.618,289,1,0.771,1187,1,0.685,530,1,0.275,12483,4,0.545,153,1,21.111,27853,9,5.107,2013,1,1.271,855,1,1.075,2958,1,1813,499,179,1157
E01009339,Birmingham 142A,E08000025,Birmingham,56.314,1427,1,0.681,275,1,0.259,3282,1,55.611,2246,1,0.936,5149,2,0.191,13935,5,31.032,5960,2,52.68,1753,1,0.869,399,1,0.467,3101,1,0.384,11033,4,0.51,368,1,17.62,29995,9,5.009,2145,1,0.998,2295,1,0.723,5550,2,1663,504,201,971
E01009341,Birmingham 066E,E08000025,Birmingham,55.923,1476,1,0.641,504,1,0.302,1769,1,58.39,1823,1,1.08,4007,2,0.672,7343,3,30.311,6404,2,21.516,14236,5,0.808,811,1,0.654,703,1,0.797,6322,2,0.48,637,1,22.933,26462,8,4.644,2674,1,-0.116,18180,6,0.696,5806,2,1689,520,168,1019
E01009342,Birmingham 063D,E08000025,Birmingham,45.013,3352,1,0.497,2585,1,0.219,5414,2,61.567,1391,1,1.176,3363,1,0.011,16607,5,22.331,14008,5,40.958,4601,2,0.736,1677,1,0.354,6113,2,0.735,6932,3,0.518,309,1,18.434,29581,9,3.295,5146,2,0.858,3460,2,0.093,13875,5,1870,422,321,1151
E01009343,Birmingham 063E,E08000025,Birmingham,66.837,464,1,0.671,317,1,0.287,2236,1,78.77,192,1,1.288,2679,1,0.911,4889,2,29.64,6834,3,58.99,957,1,0.811,788,1,0.562,1565,1,1.407,1978,1,0.57,71,1,15.828,30871,10,4.83,2396,1,1.152,1380,1,0.699,5765,2,1828,537,191,1115
E01009344,Birmingham 139H,E08000025,Birmingham,58.13,1199,1,0.635,541,1,0.283,2367,1,60.179,1554,1,0.897,5495,2,0.571,8606,3,30.939,6030,2,54.705,1479,1,0.724,1892,1,0.797,183,1,0.274,12500,4,0.592,41,1,13.179,31801,10,5.101,2020,1,1.028,2099,1,0.798,4872,2,1854,570,143,1129
E01009345,Birmingham 053D,E08000025,Birmingham,72.168,202,1,0.607,817,1,0.384,394,1,60.359,1537,1,2.619,52,1,1.463,1384,1,34.637,4054,2,34.647,7043,3,0.848,526,1,0.557,1620,1,1.122,3633,2,0.45,1067,1,16.59,30552,10,5.624,1415,1,0.341,9817,3,1.015,3303,1,2036,434,304,1327
E01009346,Birmingham 053E,E08000025,Birmingham,55.488,1534,1,0.582,1120,1,0.272,2756,1,57.062,2019,1,0.735,7074,3,1.257,2327,1,31.455,5713,2,49.209,2391,1,0.696,2437,1,0.469,3063,1,0.628,8109,3,0.491,516,1,17.938,29831,9,5.075,2065,1,0.87,3336,1,0.876,4228,2,1695,509,149,1042
E01009347,Birmingham 049D,E08000025,Birmingham,56.408,1409,1,0.634,552,1,0.306,1697,1,43.138,4698,2,0.857,5898,2,1.504,1241,1,35.037,3878,2,21.056,14557,5,0.808,818,1,0.586,1282,1,0.668,7638,3,0.389,2959,1,13.871,31617,10,5.738,1292,1,-0.351,23218,7,1.003,3378,2,1564,440,195,942
E01009348,Birmingham 047A,E08000025,Birmingham,42.877,3858,2,0.553,1555,1,0.277,2579,1,42.414,4871,2,0.493,9736,3,0.159,14436,5,25.907,9969,3,20.902,14667,5,0.722,1945,1,0.463,3172,1,1.013,4433,2,0.343,5561,2,17.479,30095,9,4.091,3584,2,-0.161,19151,6,0.714,5624,2,2123,532,315,1332
E01009349,Birmingham 036D,E08000025,Birmingham,69.033,322,1,0.74,103,1,0.339,966,1,69.525,645,1,0.818,6269,2,1.222,2541,1,35.448,3685,2,50.966,2067,1,0.916,228,1,0.555,1646,1,1.215,3019,1,0.511,359,1,19.164,29126,9,5.662,1372,1,0.933,2798,1,0.812,4739,2,1669,472,197,1048
E01009350,Birmingham 039B,E08000025,Birmingham,61.482,857,1,0.673,308,1,0.329,1141,1,61.934,1341,1,0.834,6110,2,0.685,7207,3,30.039,6552,2,46.453,3013,1,0.787,1005,1,0.555,1645,1,0.538,9105,3,0.553,120,1,17.525,30062,9,4.848,2372,1,1.051,1954,1,-0.218,19710,6,1620,443,215,973
E01009351,Birmingham 036E,E08000025,Birmingham,58.872,1101,1,0.632,565,1,0.264,3065,1,69.484,647,1,0.477,9931,3,0.739,6566,2,34.554,4091,2,58.187,1038,1,0.834,613,1,0.453,3372,1,1.118,3656,2,0.529,237,1,17.26,30216,9,5.6,1449,1,1.24,966,1,0.193,12285,4,1787,498,225,1104
E01009352,Birmingham 039C,E08000025,Birmingham,61.831,831,1,0.578,1183,1,0.324,1253,1,55.269,2298,1,1.075,4053,2,1.4,1637,1,32.325,5214,2,56.903,1171,1,0.683,2682,1,0.517,2212,1,0.33,11771,4,0.514,342,1,17.359,30152,9,5.221,1858,1,1.146,1410,1,0.525,7643,3,1832,375,245,1236
E01009353,Birmingham 039D,E08000025,Birmingham,60.179,975,1,0.607,825,1,0.269,2865,1,55.962,2194,1,0.879,5665,2,1.469,1362,1,32.531,5097,2,64.104,568,1,0.732,1764,1,0.453,3389,2,0.357,11390,4,0.515,320,1,15.67,30934,10,5.312,1761,1,1.345,617,1,0.336,10055,3,1689,448,223,1051
E01009354,Birmingham 036F,E08000025,Birmingham,66.441,487,1,0.586,1068,1,0.359,662,1,60.082,1566,1,1.354,2335,1,1.729,664,1,33.46,4587,2,43.646,3768,2,0.683,2688,1,0.55,1729,1,0.742,6850,3,0.502,422,1,15.477,31013,10,5.46,1585,1,0.572,6617,2,1.295,1990,1,1573,340,321,980
E01009355,Birmingham 039E,E08000025,Birmingham,74.73,135,1,0.729,131,1,0.426,154,1,53.547,2578,1,1.543,1506,1,1.779,575,1,29.342,7040,3,49.685,2304,1,0.826,669,1,0.622,937,1,0.607,8320,3,0.464,827,1,16.943,30379,9,4.745,2517,1,0.883,3223,1,0.874,4237,2,1491,337,209,978
E01009358,Birmingham 047B,E08000025,Birmingham,61.332,873,1,0.573,1244,1,0.32,1330,1,54.885,2356,1,1.309,2568,1,1.47,1359,1,31.536,5676,2,47.932,2658,1,0.747,1519,1,0.512,2289,1,0.828,6031,2,0.449,1087,1,17.087,30306,9,5.109,2009,1,0.883,3221,1,0.718,5598,2,2226,487,257,1520
E01009359,Birmingham 047C,E08000025,Birmingham,68.104,386,1,0.637,527,1,0.335,1033,1,61.281,1430,1,0.912,5362,2,1.601,947,1,33.346,4655,2,66.59,396,1,0.795,926,1,0.472,3003,1,0.838,5958,2,0.498,445,1,16.052,30770,10,5.432,1621,1,1.151,1381,1,1.405,1619,1,2057,530,233,1306
E01009360,Birmingham 047D,E08000025,Birmingham,54.501,1659,1,0.586,1071,1,0.306,1684,1,51.873,2886,1,1.007,4578,2,1.12,3175,1,32.622,5044,2,24.243,12532,4,0.739,1640,1,0.563,1545,1,0.759,6706,2,0.436,1357,1,18.582,29491,9,5.231,1849,1,0.021,15290,5,0.697,5796,2,2803,737,274,1811
E01009361,Birmingham 047E,E08000025,Birmingham,75.756,117,1,0.748,90,1,0.379,422,1,73.556,403,1,1.184,3315,1,1.485,1310,1,32.349,5203,2,57.332,1118,1,0.934,193,1,0.568,1488,1,1.453,1752,1,0.498,448,1,17.401,30141,9,5.222,1854,1,1.092,1698,1,0.784,4980,2,2174,619,270,1332
E01009362,Birmingham 071A,E08000025,Birmingham,63.375,696,1,0.775,50,1,0.356,708,1,45.956,4053,2,1.288,2682,1,1.165,2890,1,26.127,9770,3,28.92,9885,3,0.984,92,1,0.729,358,1,-0.201,19479,6,0.48,638,1,13.858,31620,10,4.253,3320,1,-0.223,20484,7,1.56,1186,1,1516,466,124,949
E01009363,Birmingham 071B,E08000025,Birmingham,60.821,913,1,0.684,260,1,0.333,1061,1,50.436,3163,1,1.154,3498,2,0.936,4629,2,30.717,6164,2,34.538,7086,3,0.825,678,1,0.648,739,1,0.033,15953,5,0.498,447,1,19.759,28772,9,4.891,2328,1,0.238,11384,4,1.22,2289,1,1747,426,239,1106
E01009364,Birmingham 071C,E08000025,Birmingham,69.272,310,1,0.766,66,1,0.4,276,1,50.553,3142,1,1.509,1636,1,0.85,5410,2,40.658,1946,1,26.649,11164,4,0.925,213,1,0.829,141,1,0.078,15292,5,0.495,475,1,14.948,31226,10,6.541,635,1,-0.247,20980,7,1.378,1700,1,1646,532,125,1010
E01009365,Birmingham 071D,E08000025,Birmingham,73.683,157,1,0.803,30,1,0.416,187,1,54.848,2362,1,1.496,1696,1,1.331,1954,1,36.146,3422,2,41.028,4585,2,0.876,367,1,0.84,131,1,0.262,12679,4,0.516,315,1,13.463,31731,10,5.899,1127,1,0.506,7478,3,1.223,2275,1,1858,437,252,1226
E01009366,Birmingham 084A,E08000025,Birmingham,50.596,2268,1,0.622,648,1,0.266,2991,1,43.871,4528,2,0.802,6424,2,0.772,6195,2,32.948,4860,2,27.386,10726,4,0.768,1228,1,0.71,423,1,-0.234,19946,6,0.465,823,1,16.973,30360,9,5.348,1722,1,0.144,12996,4,0.75,5272,2,1699,441,188,1084
E01009367,Birmingham 083A,E08000025,Birmingham,68.799,336,1,0.716,159,1,0.351,778,1,55.523,2268,1,1.257,2844,1,1.163,2901,1,34.677,4035,2,54.683,1481,1,0.975,110,1,0.55,1728,1,0.426,10486,4,0.503,415,1,14.362,31459,10,5.678,1356,1,0.934,2791,1,1.146,2597,1,1721,406,230,1111
E01009368,Birmingham 077A,E08000025,Birmingham,68.99,325,1,0.733,121,1,0.363,606,1,58.274,1842,1,1.423,2008,1,0.693,7109,3,36.786,3180,1,47.525,2756,1,0.874,376,1,0.813,157,1,0.47,9930,3,0.523,269,1,14.91,31244,10,5.984,1065,1,0.814,3908,2,0.93,3848,2,1490,359,183,982
E01009371,Birmingham 077D,E08000025,Birmingham,65.861,524,1,0.695,219,1,0.293,2041,1,58.614,1783,1,0.755,6883,3,1.358,1814,1,37.826,2824,1,65.57,471,1,0.786,1009,1,0.76,271,1,0.371,11201,4,0.541,173,1,13.887,31609,10,6.161,919,1,1.15,1387,1,1.311,1929,1,1934,564,178,1218
E01009372,Birmingham 082A,E08000025,Birmingham,63.033,723,1,0.705,194,1,0.303,1759,1,60.095,1563,1,0.869,5766,2,0.278,12627,4,31.478,5704,2,69.42,241,1,0.819,723,1,0.635,838,1,0.347,11528,4,0.566,84,1,15.375,31053,10,5.135,1963,1,1.376,540,1,0.744,5353,2,1754,485,178,1110
E01009373,Birmingham 082B,E08000025,Birmingham,65.068,585,1,0.692,233,1,0.312,1521,1,61.411,1416,1,1.177,3354,1,0.364,11407,4,31.156,5887,2,68.542,294,1,0.806,836,1,0.783,212,1,0.419,10569,4,0.572,68,1,15.754,30903,10,5.086,2043,1,1.384,528,1,0.643,6331,2,1787,472,189,1155
E01009374,Birmingham 084B,E08000025,Birmingham,55.369,1549,1,0.643,479,1,0.315,1452,1,43.364,4640,2,1.436,1938,1,0.681,7255,3,28.319,7866,3,15.844,18425,6,0.774,1136,1,0.746,308,1,-0.171,19003,6,0.457,944,1,16.249,30689,10,4.595,2760,1,-0.696,29472,9,0.87,4262,2,1235,312,176,764
E01009375,Birmingham 083B,E08000025,Birmingham,58.394,1169,1,0.679,279,1,0.287,2263,1,51.48,2958,1,1.026,4421,2,0.612,8095,3,36.542,3271,1,42.678,4045,2,0.915,233,1,0.643,777,1,0.3,12173,4,0.483,613,1,14.898,31250,10,5.933,1097,1,0.872,3319,1,0.227,11717,4,1974,510,216,1286
E01009376,Birmingham 084C,E08000025,Birmingham,62.411,774,1,0.652,415,1,0.342,915,1,50.67,3113,1,1.14,3595,2,1.133,3098,1,28.679,7573,3,47.143,2848,1,0.858,464,1,0.623,931,1,0.247,12879,4,0.481,630,1,15.605,30957,10,4.671,2635,1,0.745,4638,2,1.123,2715,1,1585,323,244,1043
E01009377,Birmingham 083C,E08000025,Birmingham,72.26,194,1,0.777,45,1,0.396,310,1,58.856,1744,1,1.594,1327,1,0.907,4926,2,39.933,2139,1,34.789,6985,3,0.978,106,1,0.597,1157,1,0.362,11322,4,0.545,154,1,15.545,30980,10,6.399,714,1,0.595,6344,2,0.397,9182,3,1475,424,183,863
E01009379,Birmingham 071E,E08000025,Birmingham,68.675,345,1,0.733,123,1,0.37,524,1,57.118,2014,1,1.583,1365,1,1.442,1464,1,26.518,9412,3,31.214,8680,3,0.855,484,1,0.769,249,1,0.032,15970,5,0.579,55,1,13.804,31639,10,4.336,3192,1,-0.125,18370,6,1.61,1055,1,2007,488,350,1226
E01009380,Birmingham 070E,E08000025,Birmingham,58.279,1180,1,0.643,480,1,0.281,2424,1,55.154,2316,1,0.832,6134,2,0.518,9262,3,26.754,9185,3,69.63,232,1,0.742,1594,1,0.637,818,1,-0.059,17278,6,0.558,104,1,14.593,31372,10,4.367,3148,1,1.417,451,1,0.619,6575,2,1906,594,171,1148
E01009382,Birmingham 142D,E08000025,Birmingham,54.764,1627,1,0.549,1610,1,0.257,3360,1,59.849,1599,1,0.762,6824,3,1.087,3413,2,31.414,5738,2,59.604,890,1,0.682,2697,1,0.513,2281,1,0.77,6592,2,0.496,472,1,17.638,29987,9,5.076,2061,1,1.206,1108,1,0.507,7840,3,1958,491,247,1245
E01009383,Birmingham 083D,E08000025,Birmingham,48.643,2603,1,0.511,2274,1,0.276,2615,1,48.104,3589,2,0.795,6490,2,0.668,7376,3,27.765,8314,3,49.561,2336,1,0.693,2490,1,0.447,3534,2,0.515,9390,3,0.435,1373,1,18.256,29669,9,4.435,3032,1,1.055,1926,1,0.161,12760,4,1409,277,235,946
E01009384,Birmingham 092E,E08000025,Birmingham,48.097,2705,1,0.525,2003,1,0.313,1511,1,21.521,13353,4,1.229,3027,1,1.167,2875,1,24.605,11313,4,27.669,10553,4,0.667,3005,1,0.723,374,1,-0.02,16737,5,0.286,10036,3,17.748,29917,9,3.827,4093,2,0.026,15200,5,0.999,3406,2,1317,207,215,967
E01009385,Birmingham 092F,E08000025,Birmingham,36.408,5659,2,0.381,6014,2,0.234,4568,2,14.358,18673,6,0.674,7725,3,0.871,5214,2,21.593,14931,5,53.674,1602,1,0.658,3198,1,0.368,5635,2,0.094,15050,5,0.193,21220,7,18.087,29755,9,3.126,5482,2,1.007,2227,1,0.775,5060,2,1170,169,224,844
E01009389,Birmingham 093B,E08000025,Birmingham,38.064,5131,2,0.456,3606,2,0.206,6258,2,46.219,4002,2,0.564,8917,3,0.052,16005,5,25.103,10771,4,42.185,4199,2,0.694,2466,1,0.337,6698,2,0.141,14397,5,0.455,975,1,19.79,28752,9,3.837,4074,2,0.923,2864,1,-0.087,17204,6,1850,343,325,1245
E01009390,Birmingham 093C,E08000025,Birmingham,39.039,4853,2,0.376,6187,2,0.251,3662,2,21.9,13108,4,1.098,3884,2,0.776,6155,2,24.402,11568,4,43.944,3687,2,0.444,10188,4,0.384,5157,2,0.023,16103,5,0.285,10085,3,21.667,27439,9,3.581,4584,2,1.003,2256,1,-0.315,21532,7,1554,298,196,1109
E01009391,Birmingham 143C,E08000025,Birmingham,63.925,653,1,0.737,107,1,0.273,2699,1,61.942,1340,1,0.882,5636,2,1.016,3983,2,30.558,6264,2,65.699,458,1,0.839,587,1,0.702,466,1,0.652,7818,3,0.534,207,1,19.028,29211,9,4.892,2325,1,1.327,683,1,0.6,6793,3,1948,619,122,1168
E01009392,Birmingham 142E,E08000025,Birmingham,49.717,2413,1,0.589,1025,1,0.262,3146,1,53.341,2612,1,0.762,6834,3,0.515,9310,3,22.169,14224,5,46.748,2941,1,0.764,1278,1,0.405,4574,2,0.318,11931,4,0.496,473,1,21.324,27692,9,3.07,5606,2,1.117,1565,1,-0.758,28753,9,1736,429,235,1080
E01009393,Birmingham 143D,E08000025,Birmingham,57.916,1220,1,0.705,190,1,0.242,4139,2,63.741,1140,1,0.434,10483,4,0.643,7710,3,28.362,7827,3,64.995,510,1,0.892,302,1,0.599,1139,1,0.715,7149,3,0.543,162,1,19.174,29123,9,4.502,2917,1,1.337,648,1,0.476,8183,3,1899,569,164,1178
E01009394,Birmingham 093D,E08000025,Birmingham,22.612,12712,4,0.242,12807,4,0.126,14319,5,18.54,15394,5,0.2,13531,5,0.221,13481,4,28.865,7410,3,33.647,7523,3,0.423,10980,4,0.186,14131,5,0.303,12129,4,0.214,18115,6,24.286,25361,8,4.303,3242,1,0.543,6980,3,0.428,8771,3,1753,282,351,1223
E01009395,Birmingham 097F,E08000025,Birmingham,45.508,3262,1,0.517,2143,1,0.239,4291,2,39.825,5539,2,0.854,5926,2,0.802,5873,2,23.208,12932,4,51.399,1992,1,0.71,2152,1,0.344,6466,2,0.119,14711,5,0.414,1977,1,21.363,27668,9,3.323,5088,2,0.927,2832,1,0.864,4307,2,1780,376,281,1173
E01009396,Birmingham 082D,E08000025,Birmingham,60.538,941,1,0.648,441,1,0.283,2373,1,55.591,2254,1,0.965,4915,2,0.741,6544,2,28.49,7734,3,71.297,177,1,0.845,544,1,0.509,2352,1,0.315,11973,4,0.518,308,1,15.258,31108,10,4.647,2671,1,1.335,653,1,1.07,2982,1,2157,497,312,1380
E01009397,Birmingham 077E,E08000025,Birmingham,56.127,1453,1,0.626,611,1,0.273,2697,1,58.442,1815,1,0.829,6156,2,0.398,10925,4,37.5,2928,1,46.342,3037,1,0.797,909,1,0.706,441,1,0.383,11040,4,0.537,191,1,14.779,31296,10,6.096,972,1,0.869,3342,1,0.616,6607,2,1722,432,209,1117
E01009399,Birmingham 083E,E08000025,Birmingham,68.461,363,1,0.734,120,1,0.284,2340,1,70.213,594,1,1.135,3625,2,0.566,8675,3,39.355,2309,1,70.543,196,1,0.909,255,1,0.917,69,1,1.008,4468,2,0.561,90,1,15.567,30968,10,6.332,774,1,1.469,365,1,0.55,7346,3,1619,477,86,1015
E01009400,Birmingham 031E,E08000025,Birmingham,57.657,1253,1,0.586,1059,1,0.334,1048,1,44.15,4467,2,1.603,1292,1,0.796,5934,2,21.763,14709,5,44.685,3468,2,0.798,896,1,0.369,5604,2,0.507,9493,3,0.41,2091,1,29.078,20772,7,2.156,7867,3,0.606,6216,2,1.303,1956,1,1645,355,245,1132
E01009401,Birmingham 031F,E08000025,Birmingham,59.864,1009,1,0.569,1310,1,0.326,1208,1,52.913,2683,1,1.35,2354,1,1.496,1271,1,20.353,16541,5,51.611,1952,1,0.749,1496,1,0.379,5326,2,0.784,6444,2,0.44,1264,1,26.497,23335,7,2.129,7938,3,0.678,5360,2,1.737,770,1,1903,407,236,1289
E01009403,Birmingham 020A,E08000025,Birmingham,40.094,4545,2,0.433,4265,2,0.244,4016,2,45.327,4201,2,1.094,3910,2,0.729,6666,2,19.919,17150,6,22.44,13611,5,0.591,4983,2,0.338,6663,2,0.844,5891,2,0.384,3145,1,26.852,22999,7,1.985,8385,3,0.177,12414,4,0.176,12531,4,1554,385,256,968
E01009404,Birmingham 020B,E08000025,Birmingham,49.423,2456,1,0.53,1913,1,0.313,1519,1,46.752,3895,2,1.361,2288,1,0.629,7879,3,23.119,13041,4,18.377,16492,5,0.769,1209,1,0.375,5446,2,0.895,5411,2,0.388,2987,1,25.962,23836,8,2.886,6011,2,0.078,14226,5,-0.064,16744,5,1555,396,244,991
E01009405,Birmingham 020C,E08000025,Birmingham,37.708,5231,2,0.396,5444,2,0.264,3080,1,37.23,6281,2,0.975,4835,2,0.393,11008,4,19.328,17967,6,26.704,11127,4,0.488,8447,3,0.316,7473,3,0.605,8350,3,0.354,4782,2,25.111,24616,8,2.031,8251,3,0.369,9394,3,0.17,12620,4,1465,340,303,896
E01009406,Birmingham 020D,E08000025,Birmingham,41.544,4203,2,0.43,4394,2,0.259,3296,1,29.953,8958,3,1.299,2616,1,0.833,5558,2,21.35,15235,5,33.22,7717,3,0.594,4893,2,0.428,4005,2,-0.004,16501,5,0.356,4662,2,25.538,24196,8,2.483,6974,3,0.426,8531,3,0.692,5853,2,1768,351,379,1155
E01009407,Birmingham 020E,E08000025,Birmingham,38.428,5016,2,0.398,5377,2,0.236,4471,2,33.092,7731,3,0.788,6572,2,0.946,4550,2,18.653,18888,6,43.921,3691,2,0.522,7232,3,0.305,7948,3,0.333,11729,4,0.351,4966,2,21.424,27619,9,2.191,7790,3,0.754,4541,2,0.803,4825,2,1800,364,354,1187
E01009408,Birmingham 026B,E08000025,Birmingham,48.539,2629,1,0.509,2327,1,0.275,2643,1,37.563,6183,2,1.231,3017,1,1.124,3152,1,23.874,12171,4,39.713,5043,2,0.682,2706,1,0.366,5714,2,0.558,8877,3,0.362,4346,2,21.121,27843,9,3.498,4745,2,0.56,6771,3,0.96,3647,2,1798,459,302,1122
E01009409,Birmingham 026C,E08000025,Birmingham,54.227,1694,1,0.527,1975,1,0.316,1430,1,32.234,8062,3,1.271,2767,1,1.322,1992,1,23.87,12177,4,53.643,1605,1,0.792,956,1,0.267,9563,3,0.404,10784,4,0.338,5875,2,20.37,28379,9,3.549,4650,2,0.919,2901,1,1.101,2826,1,1949,377,315,1343
E01009410,Birmingham 026D,E08000025,Birmingham,52.274,1981,1,0.514,2218,1,0.303,1764,1,39.122,5722,2,1.309,2567,1,1.295,2111,1,21.547,14990,5,45.321,3271,1,0.752,1436,1,0.418,4229,2,0.29,12291,4,0.397,2618,1,23.371,26099,8,2.755,6325,2,0.738,4709,2,0.977,3538,2,1927,364,464,1220
E01009411,Birmingham 030B,E08000025,Birmingham,24.494,11436,4,0.279,10653,4,0.153,10956,4,23.533,12170,4,0.573,8817,3,-0.004,16846,5,20.176,16782,5,31.887,8367,3,0.46,9510,3,0.196,13520,5,-0.095,17858,6,0.311,7816,3,27.476,22399,7,1.975,8417,3,0.318,10171,4,0.815,4720,2,1892,389,340,1291
E01009412,Birmingham 030C,E08000025,Birmingham,72.886,177,1,0.649,434,1,0.384,391,1,53.371,2605,1,1.772,806,1,2.319,69,1,21.649,14850,5,54.908,1457,1,0.798,895,1,0.367,5675,2,1.087,3888,2,0.409,2165,1,23.34,26120,8,2.777,6260,2,1.076,1800,1,0.631,6469,2,1817,360,282,1251
E01009413,Birmingham 030D,E08000025,Birmingham,59.39,1052,1,0.548,1623,1,0.305,1712,1,46.488,3947,2,1.273,2755,1,1.924,355,1,20.739,16034,5,61.838,732,1,0.749,1498,1,0.265,9682,3,0.944,5001,2,0.381,3331,1,23.281,26168,8,2.557,6799,3,0.957,2612,1,1.728,789,1,1871,395,246,1282
E01009414,Birmingham 030E,E08000025,Birmingham,46.365,3080,1,0.477,3067,1,0.248,3817,2,36.868,6398,2,0.9,5462,2,1.35,1863,1,24.524,11411,4,49.098,2412,1,0.623,4091,2,0.286,8690,3,0.721,7074,3,0.338,5864,2,26.174,23641,8,3.213,5315,2,0.764,4430,2,1.243,2180,1,2411,604,293,1594
E01009415,Birmingham 002A,E08000025,Birmingham,2.547,33083,10,0.045,32480,10,0.033,33040,10,1.048,32767,10,-0.928,28824,9,-1.448,32546,10,12.892,26897,8,14.067,19910,6,0.063,32363,10,0.023,33329,10,-1.86,33321,10,0.117,31180,10,34.684,15011,5,-1.86,24227,8,-0.249,21037,7,0.162,12738,4,1736,359,530,939
E01009416,Birmingham 003A,E08000025,Birmingham,5.092,30784,10,0.089,27512,9,0.063,27356,9,1.496,32303,10,-0.967,29179,9,-1.011,29842,9,21.332,15253,5,7.066,27017,9,0.113,29560,9,0.075,25715,8,-1.439,32211,10,0.119,31005,10,43.936,7949,3,-1.204,21367,7,-0.53,26867,8,-0.25,20318,7,2787,663,540,1702
E01009417,Birmingham 001A,E08000025,Birmingham,8.342,27056,9,0.117,23759,8,0.073,24715,8,3.26,30287,9,-0.049,17123,6,-0.946,29229,9,16.795,21626,7,16.423,17992,6,0.124,28729,9,0.171,15157,5,-0.878,28426,9,0.129,30070,9,35.777,13954,5,-0.564,18417,6,0.015,15434,5,-0.158,18522,6,1618,344,443,922
E01009418,Birmingham 001B,E08000025,Birmingham,17.735,16614,5,0.224,13940,5,0.144,11989,4,6.551,26447,8,0.125,14574,5,0.022,16458,5,21.555,14982,5,18.365,16500,5,0.34,14743,5,0.139,17772,6,-0.62,25560,8,0.167,25004,8,39.009,11206,4,0.188,14966,5,-0.075,17316,6,0.301,10578,4,1591,344,447,885
E01009419,Birmingham 001C,E08000025,Birmingham,12.187,22381,7,0.159,19150,6,0.111,16626,5,8.05,24726,8,-0.104,17949,6,-0.79,27579,9,20.244,16693,5,12.048,21749,7,0.168,25462,8,0.166,15486,5,-1.25,31280,10,0.216,17866,6,41.223,9605,3,-0.81,19579,6,-0.041,16611,5,-0.845,29814,9,1448,282,443,812
E01009420,Birmingham 003B,E08000025,Birmingham,4.676,31255,10,0.112,24369,8,0.052,30139,9,1.618,32165,10,-0.275,20469,7,-1.429,32460,10,11.927,28103,9,5.087,29389,9,0.138,27708,9,0.092,22983,7,-1.311,31615,10,0.116,31252,10,34.911,14804,5,-2.498,26749,8,-0.525,26760,8,-0.667,27466,9,1742,431,389,999
E01009421,Birmingham 004A,E08000025,Birmingham,2.307,33232,10,0.027,33445,10,0.029,33271,10,1.23,32597,10,-1.215,31051,10,-1.824,33417,10,20.758,16009,5,4.411,30182,9,0.047,33058,10,0.021,33457,10,-1.946,33429,10,0.123,30584,10,45.361,7238,3,-1.948,24605,8,-0.984,32215,10,-0.215,19654,6,1722,281,643,924
E01009422,Birmingham 002B,E08000025,Birmingham,5.11,30760,10,0.069,30183,9,0.052,30077,9,2.994,30571,10,-0.707,26447,8,-1.11,30624,10,12.026,27990,9,26.524,11229,4,0.118,29203,9,0.047,30444,10,-1.082,30196,9,0.138,28980,9,29.885,19941,6,-0.842,19723,6,0.385,9164,3,0.102,13727,5,2013,362,600,1150
E01009423,Birmingham 002C,E08000025,Birmingham,22.637,12695,4,0.235,13236,4,0.189,7557,3,17.59,16088,5,0.648,8003,3,0.263,12862,4,12.729,27125,9,16.078,18227,6,0.245,19974,6,0.223,11855,4,0.235,13066,4,0.213,18314,6,30.119,19699,6,-0.633,18754,6,0.005,15617,5,-0.179,18969,6,1645,328,493,953
E01009424,Birmingham 004B,E08000025,Birmingham,14.445,19922,6,0.127,22535,7,0.09,20781,7,2.136,31566,10,0.261,12678,4,0.335,11800,4,12.453,27455,9,41.052,4577,2,0.177,24763,8,0.12,19738,6,-1.117,30435,10,0.119,31013,10,21.705,27416,9,0.465,13774,5,0.708,5025,2,0.678,5988,2,1604,267,413,1029
E01009425,Birmingham 002D,E08000025,Birmingham,10.766,24064,8,0.119,23549,7,0.102,18286,6,4.539,28771,9,-0.318,21090,7,-0.036,17299,6,10.268,29904,9,25.847,11612,4,0.2,23029,7,0.09,23322,7,-0.969,29286,9,0.16,26068,8,25.933,23867,8,-0.739,19258,6,0.165,12612,4,0.562,7199,3,1712,250,712,854
E01009426,Birmingham 003C,E08000025,Birmingham,2.55,33080,10,0.04,32837,10,0.049,30715,10,1.013,32803,10,-0.614,25274,8,-1.17,31039,10,12.293,27640,9,5.822,28513,9,0.052,32898,10,0.027,33024,10,-1.78,33202,10,0.114,31389,10,35.433,14298,5,-2.512,26803,8,-0.827,30943,10,-0.104,17529,6,1499,255,542,799
E01009427,Birmingham 004C,E08000025,Birmingham,10.504,24381,8,0.134,21851,7,0.1,18757,6,3.61,29866,9,-0.288,20677,7,-0.661,26056,8,14.134,25334,8,26.342,11337,4,0.202,22886,7,0.11,20765,7,-1.271,31401,10,0.158,26390,8,29.692,20142,6,-0.07,16182,5,0.262,11014,4,0.396,9203,3,1510,213,505,920
E01009428,Birmingham 004D,E08000025,Birmingham,1.696,33527,10,0.03,33374,10,0.032,33061,10,0.855,32994,10,-1.284,31449,10,-1.772,33341,10,14.517,24860,8,8.242,25707,8,0.046,33092,10,0.017,33611,10,-1.917,33401,10,0.11,31638,10,36.844,12947,4,-1.872,24278,8,-0.855,31193,10,0.211,11980,4,1710,309,617,877
E01009429,Birmingham 003D,E08000025,Birmingham,1.853,33473,10,0.036,33081,10,0.03,33233,10,0.965,32866,10,-0.637,25560,8,-1.342,32069,10,10.74,29419,9,5.639,28736,9,0.059,32579,10,0.025,33210,10,-1.633,32844,10,0.106,31864,10,32.663,17055,6,-2.247,25828,8,-0.82,30884,10,-0.135,18093,6,1474,288,483,765
E01009430,Birmingham 004E,E08000025,Birmingham,2.558,33073,10,0.056,31551,10,0.032,33093,10,2.868,30718,10,-0.971,29218,9,-0.852,28287,9,13.101,26632,8,7.511,26526,8,0.101,30356,9,0.052,29599,9,-1.153,30699,10,0.14,28823,9,33.035,16685,5,-1.217,21414,7,-0.434,24968,8,-0.375,22587,7,1734,279,615,968
E01009431,Birmingham 003E,E08000025,Birmingham,2.61,33046,10,0.055,31674,10,0.039,32394,10,0.985,32840,10,-0.654,25796,8,-1.275,31694,10,8.479,31451,10,11.622,22163,7,0.1,30424,10,0.031,32647,10,-1.657,32907,10,0.109,31749,10,30.082,19724,6,-2.648,27304,9,-0.553,27290,9,0.348,9907,3,1737,382,459,984
E01009432,Birmingham 006A,E08000025,Birmingham,18.735,15735,5,0.208,15111,5,0.162,10037,3,10.41,22294,7,0.415,10710,4,0.172,14239,5,15.669,23268,7,15.01,19101,6,0.362,13685,5,0.062,27827,9,-0.345,21691,7,0.195,20929,7,28.478,21393,7,0.585,13271,4,-0.086,17553,6,-0.073,16933,6,1498,295,397,871
E01009433,Birmingham 001D,E08000025,Birmingham,3.101,32630,10,0.043,32655,10,0.046,31371,10,1.11,32707,10,-0.757,27023,9,-1.349,32100,10,19.939,17119,6,4.549,30016,9,0.075,31821,10,0.031,32670,10,-2.071,33561,10,0.121,30788,10,43.91,7959,3,-1.842,24146,8,-1.059,32625,10,-0.166,18691,6,1794,314,656,940
E01009434,Birmingham 012A,E08000025,Birmingham,4.291,31608,10,0.067,30405,10,0.055,29382,9,2.741,30858,10,-0.768,27150,9,-1.061,30238,9,19.189,18158,6,8.23,25725,8,0.096,30691,10,0.062,27926,9,-1.405,32058,10,0.147,27912,9,40.117,10374,4,-0.884,19942,6,-0.663,29000,9,0.072,14272,5,1684,305,401,1105
E01009435,Birmingham 006B,E08000025,Birmingham,5.399,30450,10,0.068,30306,9,0.061,27957,9,4.051,29348,9,-0.26,20229,6,-1.164,31002,10,16.718,21766,7,10.583,23173,7,0.098,30523,10,0.07,26477,8,-0.99,29470,9,0.154,27047,9,35.105,14601,5,-0.416,17727,6,-0.519,26644,8,0.193,12269,4,1706,327,407,1080
E01009436,Birmingham 012B,E08000025,Birmingham,2.923,32782,10,0.044,32543,10,0.051,30368,9,2.551,31082,10,-0.801,27531,9,-1.362,32163,10,14.38,25040,8,8.399,25540,8,0.119,29148,9,0.028,32901,10,-1.336,31734,10,0.141,28675,9,37.312,12545,4,-2.131,25348,8,-0.945,31942,10,0.269,11055,4,1433,217,544,791
E01009437,Birmingham 006C,E08000025,Birmingham,7.444,28131,9,0.111,24473,8,0.072,25111,8,2.985,30578,10,-0.466,23253,7,-0.501,23927,8,14.994,24189,8,17.532,17101,6,0.085,31319,10,0.181,14505,5,-1.657,32909,10,0.157,26608,8,32.658,17057,6,-0.411,17703,6,-0.261,21309,7,0.553,7305,3,1853,310,644,1057
E01009438,Birmingham 012C,E08000025,Birmingham,5.954,29809,9,0.088,27710,9,0.059,28500,9,6.189,26858,8,-0.313,21019,7,-0.845,28221,9,18.846,18622,6,5.286,29143,9,0.224,21393,7,0.045,30807,10,-1.572,32671,10,0.199,20177,6,40.618,10022,3,-1.18,21265,7,-0.911,31677,10,-0.126,17961,6,1308,200,478,758
E01009439,Birmingham 021A,E08000025,Birmingham,12.812,21648,7,0.149,20228,6,0.076,24045,8,8.56,24184,8,-0.142,18522,6,0.181,14101,5,16.074,22696,7,32.399,8119,3,0.22,21658,7,0.077,25342,8,-0.407,22657,7,0.176,23609,7,34.481,15214,5,-0.483,18021,6,0.362,9498,3,0.765,5142,2,1462,231,499,823
E01009440,Birmingham 012D,E08000025,Birmingham,8.19,27223,9,0.082,28512,9,0.079,23359,7,5.405,27774,9,0.094,15023,5,-0.9,28774,9,15.68,23258,7,15.825,18443,6,0.131,28185,9,0.046,30552,10,-1.201,31011,10,0.182,22797,7,35.746,13987,5,-0.961,20290,7,-0.241,20878,7,0.345,9953,3,1531,241,631,792
E01009441,Birmingham 021B,E08000025,Birmingham,25.199,10988,4,0.23,13598,5,0.174,8811,3,31.818,8217,3,0.664,7820,3,0.081,15587,5,22.191,14195,5,20.58,14899,5,0.328,15328,5,0.199,13350,4,0.674,7578,3,0.3,8726,3,41.128,9665,3,-0.107,16361,5,-0.183,19618,6,0.721,5574,2,1552,274,460,947
E01009442,Birmingham 021C,E08000025,Birmingham,7.095,28532,9,0.091,27259,9,0.079,23197,7,8.176,24591,8,-0.399,22332,7,-1.215,31319,10,16.928,21417,7,10.093,23670,8,0.148,26922,8,0.06,28222,9,-1.24,31221,10,0.217,17701,6,38.907,11276,4,-1.445,22461,7,-0.33,22768,7,-0.187,19125,6,1511,280,479,874
E01009443,Birmingham 021D,E08000025,Birmingham,8.715,26567,8,0.096,26581,8,0.076,23930,8,9.332,23375,7,-0.118,18152,6,-0.287,20941,7,19.866,17215,6,5.282,29150,9,0.172,25132,8,0.056,28973,9,-0.828,27935,9,0.216,17865,6,38.103,11909,4,-0.114,16388,5,-0.618,28372,9,-0.411,23281,7,1184,228,357,695
E01009444,Birmingham 006D,E08000025,Birmingham,2.551,33079,10,0.042,32692,10,0.041,32155,10,1.918,31819,10,-0.844,27991,9,-0.969,29488,9,14.963,24228,8,6.322,27906,9,0.068,32145,10,0.043,31128,10,-1.607,32770,10,0.135,29361,9,36.088,13661,5,-1.376,22134,7,-0.543,27115,9,-0.353,22198,7,1503,261,539,815
E01009445,Birmingham 005A,E08000025,Birmingham,46.023,3173,1,0.455,3644,2,0.286,2266,1,41.732,5054,2,1.15,3525,2,1.07,3521,2,36.537,3273,1,3.599,31025,10,0.573,5529,2,0.412,4389,2,1.077,3972,2,0.328,6593,2,34.956,14760,5,4.589,2767,1,-0.615,28327,9,-0.857,29943,9,1869,513,303,1111
E01009446,Birmingham 005B,E08000025,Birmingham,11.664,22976,7,0.149,20246,6,0.098,19204,6,7.79,25038,8,-0.043,17034,6,-0.375,22159,7,22.465,13837,5,6.775,27377,9,0.178,24660,8,0.151,16751,5,-0.572,24955,8,0.181,22948,7,34.752,14948,5,1.367,10333,4,-0.584,27810,9,-0.21,19563,6,2566,512,584,1633
E01009447,Birmingham 005C,E08000025,Birmingham,17.182,17100,6,0.193,16222,5,0.121,15059,5,15.452,17764,6,0.491,9757,3,0.27,12751,4,15.854,23009,7,10.764,22999,7,0.25,19681,6,0.178,14695,5,-0.122,18238,6,0.231,15892,5,29.633,20190,6,0.451,13839,5,-0.487,26025,8,0.17,12626,4,1666,374,347,1004
E01009448,Birmingham 005D,E08000025,Birmingham,29.259,8653,3,0.338,7746,3,0.203,6443,2,28.883,9466,3,0.69,7555,3,0.544,8971,3,23.387,12723,4,6.372,27849,9,0.469,9174,3,0.269,9469,3,0.706,7245,3,0.267,11904,4,36.835,12957,4,1.191,10980,4,-0.47,25691,8,-0.509,24998,8,1710,372,385,1043
E01009449,Birmingham 009A,E08000025,Birmingham,16.028,18212,6,0.129,22344,7,0.086,21581,7,4.604,28701,9,0.103,14887,5,0.971,4334,2,12.714,27142,9,40.211,4854,2,0.138,27758,9,0.158,16088,5,-0.934,28972,9,0.159,26202,8,18.101,29752,9,0.809,12380,4,0.566,6679,2,0.987,3478,2,2227,313,563,1509
E01009450,Birmingham 012E,E08000025,Birmingham,11.13,23633,8,0.101,25948,8,0.069,25711,8,14.547,18498,6,-0.553,24439,8,-0.392,22393,7,27.375,8611,3,22.157,13814,5,0.173,25030,8,0.066,27127,9,0.01,16298,5,0.206,19277,6,44.217,7803,3,0.727,12681,4,0.279,10745,4,-0.143,18255,6,1597,284,431,981
E01009451,Birmingham 009B,E08000025,Birmingham,16.319,17908,6,0.19,16460,5,0.109,17057,6,6.811,26146,8,0.049,15697,5,0.0,16760,5,11.695,28364,9,42.056,4238,2,0.288,17447,6,0.153,16521,5,-0.653,25979,8,0.174,24040,8,21.653,27451,9,0.243,14724,5,0.684,5284,2,0.836,4548,2,1468,324,306,904
E01009452,Birmingham 005E,E08000025,Birmingham,14.693,19668,6,0.165,18635,6,0.11,16993,6,13.503,19423,6,0.185,13745,5,0.135,14779,5,17.195,20999,7,13.289,20614,7,0.214,22012,7,0.113,20459,7,-0.111,18076,6,0.208,19078,6,31.408,18310,6,0.524,13541,5,-0.3,22143,7,0.166,12681,4,1691,348,443,981
E01009453,Birmingham 009C,E08000025,Birmingham,7.933,27554,9,0.083,28323,9,0.071,25440,8,5.308,27896,9,-0.16,18791,6,-0.683,26349,8,7.958,31843,10,29.083,9797,3,0.094,30776,10,0.073,26057,8,-0.915,28786,9,0.169,24779,8,21.845,27310,9,-1.043,20653,7,0.336,9896,3,0.511,7797,3,1370,278,337,835
E01009454,Birmingham 006E,E08000025,Birmingham,5.193,30683,10,0.082,28466,9,0.061,27870,9,4.003,29395,9,-0.692,26264,8,-0.356,21889,7,14.565,24783,8,8.455,25493,8,0.144,27247,9,0.045,30735,10,-1.726,33099,10,0.173,24177,8,31.008,18769,6,-0.191,16714,5,-0.67,29102,9,0.105,13687,5,1409,217,453,864
E01009455,Birmingham 005F,E08000025,Birmingham,39.937,4589,2,0.383,5929,2,0.284,2358,1,36.575,6502,2,1.201,3208,1,0.714,6855,3,23.035,13134,4,14.062,19916,6,0.526,7074,3,0.35,6245,2,0.864,5714,2,0.316,7456,3,33.967,15728,5,1.678,9317,3,-0.059,16966,6,-0.293,21096,7,1323,249,406,760
E01009456,Birmingham 018C,E08000025,Birmingham,6.378,29327,9,0.073,29654,9,0.058,28631,9,0.987,32835,10,-0.818,27727,9,-0.716,26775,8,6.536,32725,10,37.684,5808,2,0.127,28499,9,0.058,28504,9,-1.89,33368,10,0.115,31303,10,25.118,24606,8,-2.302,26007,8,0.621,6038,2,0.616,6603,2,1747,320,518,1043
E01009457,Birmingham 015A,E08000025,Birmingham,3.928,31927,10,0.072,29771,9,0.069,25735,8,1.541,32249,10,-0.635,25534,8,-1.563,32905,10,9.31,30766,10,9.164,24671,8,0.102,30237,9,0.031,32687,10,-1.618,32793,10,0.126,30334,9,31.528,18196,6,-2.699,27486,9,-0.53,26876,8,0.039,14863,5,1477,225,595,776
E01009458,Birmingham 018D,E08000025,Birmingham,25.39,10869,4,0.285,10348,4,0.174,8786,3,13.811,19146,6,1.219,3092,1,0.076,15674,5,14.552,24806,8,19.41,15711,5,0.299,16837,5,0.388,5042,2,-0.3,20948,7,0.23,16010,5,27.896,21980,7,0.352,14274,5,-0.154,19004,6,0.56,7221,3,1451,151,663,755
E01009459,Birmingham 015B,E08000025,Birmingham,5.822,29949,9,0.083,28372,9,0.065,26802,8,2.258,31415,10,-0.611,25233,8,-1.041,30082,9,9.071,30970,10,25.792,11649,4,0.118,29217,9,0.076,25501,8,-1.459,32302,10,0.139,28908,9,26.802,23057,7,-1.384,22172,7,0.246,11269,4,0.378,9480,3,1581,278,505,900
E01009460,Birmingham 018E,E08000025,Birmingham,24.431,11473,4,0.255,11949,4,0.158,10393,4,10.266,22439,7,0.519,9457,3,0.151,14553,5,22.746,13499,4,43.434,3833,2,0.395,12182,4,0.207,12813,4,-0.37,22121,7,0.195,20787,7,28.174,21708,7,2.534,6864,3,0.758,4496,2,0.745,5331,2,1543,232,426,1003
E01009461,Birmingham 015C,E08000025,Birmingham,3.961,31894,10,0.05,32105,10,0.052,30031,9,2.397,31262,10,-0.5,23711,8,-1.476,32643,10,17.192,21003,7,9.837,23937,8,0.106,29989,9,0.028,32935,10,-1.34,31761,10,0.138,29042,9,38.155,11868,4,-1.09,20865,7,-0.321,22571,7,-0.248,20271,7,1348,216,482,751
E01009462,Birmingham 018F,E08000025,Birmingham,21.706,13376,4,0.194,16134,5,0.126,14403,5,7.992,24800,8,0.446,10334,4,0.515,9306,3,14.517,24859,8,52.104,1851,1,0.18,24537,8,0.248,10479,4,-0.516,24182,8,0.179,23263,7,23.322,26135,8,0.906,12011,4,0.96,2580,1,0.813,4727,2,1629,255,474,1025
E01009463,Birmingham 015D,E08000025,Birmingham,5.928,29842,9,0.06,31121,10,0.05,30558,10,3.833,29603,9,-0.566,24647,8,-0.861,28381,9,11.222,28894,9,32.274,8178,3,0.114,29474,9,0.053,29554,9,-0.91,28731,9,0.144,28284,9,28.232,21660,7,-0.791,19500,6,0.444,8300,3,0.56,7231,3,1570,235,611,828
E01009464,Birmingham 007B,E08000025,Birmingham,8.187,27227,9,0.096,26592,8,0.076,24161,8,5.608,27529,9,-0.225,19720,6,-0.599,25271,8,9.281,30790,10,25.542,11797,4,0.173,25070,8,0.077,25322,8,-0.851,28179,9,0.17,24649,8,29.921,19908,6,-2.098,25200,8,0.017,15381,5,0.821,4656,2,1466,256,407,900
E01009465,Birmingham 007C,E08000025,Birmingham,6.366,29338,9,0.096,26632,8,0.075,24263,8,5.04,28209,9,-0.415,22560,7,-0.591,25164,8,9.02,31013,10,11.745,22058,7,0.143,27319,9,0.052,29643,9,-1.2,31010,10,0.177,23548,7,30.496,19307,6,-2.453,26586,8,-0.321,22579,7,0.016,15255,5,1408,297,330,864
E01009466,Birmingham 009D,E08000025,Birmingham,6.054,29683,9,0.069,30170,9,0.059,28430,9,0.779,33085,10,-0.768,27145,9,-1.109,30615,10,5.166,33251,10,37.693,5802,2,0.079,31593,10,0.047,30432,10,-1.8,33227,10,0.104,32017,10,22.942,26450,8,-2.649,27309,9,0.535,7083,3,0.839,4522,2,1678,307,553,936
E01009467,Birmingham 007D,E08000025,Birmingham,16.62,17633,6,0.184,16905,6,0.129,13977,5,13.244,19640,6,0.175,13877,5,-0.034,17269,6,10.481,29693,9,29.259,9680,3,0.285,17620,6,0.115,20189,6,-0.178,19113,6,0.212,18464,6,30.15,19666,6,-1.555,22938,7,0.478,7834,3,0.142,13054,4,1563,275,516,883
E01009468,Birmingham 004F,E08000025,Birmingham,5.962,29796,9,0.053,31866,10,0.06,28213,9,1.432,32374,10,-0.508,23822,8,-0.223,20026,6,6.67,32653,10,27.358,10743,4,0.076,31758,10,0.052,29617,9,-1.745,33137,10,0.126,30310,9,22.95,26443,8,-1.784,23915,8,0.173,12476,4,0.692,5848,2,1504,217,540,857
E01009469,Birmingham 010B,E08000025,Birmingham,7.114,28510,9,0.112,24379,8,0.072,25040,8,5.119,28112,9,-0.357,21673,7,-0.635,25740,8,11.815,28227,9,13.627,20288,7,0.193,23498,7,0.05,30043,9,-1.417,32107,10,0.184,22580,7,29.778,20050,6,-0.894,19987,6,-0.156,19047,6,-0.086,17185,6,1413,274,468,752
E01009470,Birmingham 010C,E08000025,Birmingham,2.077,33361,10,0.044,32560,10,0.041,32046,10,2.286,31380,10,-0.91,28660,9,-1.408,32374,10,7.855,31920,10,9.534,24255,8,0.041,33260,10,0.046,30682,10,-1.279,31438,10,0.133,29629,9,29.58,20246,6,-2.877,28111,9,-0.359,23396,7,-0.206,19494,6,1439,241,468,851
E01009471,Birmingham 009E,E08000025,Birmingham,10.599,24263,8,0.109,24801,8,0.09,20702,7,2.518,31139,10,0.235,13034,4,-0.814,27888,9,7.95,31849,10,31.675,8474,3,0.125,28657,9,0.071,26272,8,-1.488,32408,10,0.145,28158,9,23.803,25742,8,-1.331,21932,7,0.488,7720,3,0.385,9381,3,1782,270,596,1049
E01009472,Birmingham 010D,E08000025,Birmingham,8.206,27207,9,0.106,25265,8,0.082,22585,7,3.298,30246,9,-0.131,18355,6,-0.978,29562,9,7.085,32435,10,24.73,12230,4,0.139,27626,9,0.098,22175,7,-1.049,29957,9,0.143,28439,9,25.597,24135,8,-2.11,25256,8,0.188,12188,4,0.392,9261,3,1660,334,435,983
E01009473,Birmingham 010E,E08000025,Birmingham,19.023,15473,5,0.2,15658,5,0.12,15256,5,10.811,21917,7,0.033,15941,5,0.724,6725,2,8.457,31476,10,40.281,4829,2,0.323,15558,5,0.142,17511,6,-0.231,19899,6,0.187,22015,7,24.609,25061,8,-1.242,21538,7,0.592,6377,2,0.93,3851,2,1587,300,424,946
E01009474,Birmingham 010F,E08000025,Birmingham,12.834,21621,7,0.147,20393,7,0.093,20099,6,3.86,29575,9,-0.164,18835,6,0.179,14131,5,6.935,32525,10,36.984,6082,2,0.186,24045,8,0.128,18843,6,-0.938,29015,9,0.147,27940,9,23.671,25856,8,-1.777,23890,8,0.609,6186,2,0.585,6955,3,1532,285,439,925
E01009475,Birmingham 055A,E08000025,Birmingham,54.247,1691,1,0.619,693,1,0.273,2716,1,67.148,797,1,0.89,5558,2,0.451,10218,4,34.861,3947,2,20.395,15017,5,0.779,1085,1,0.587,1268,1,1.033,4286,2,0.522,279,1,24.064,25532,8,5.34,1731,1,0.017,15399,5,0.32,10278,4,2342,662,244,1451
E01009476,Birmingham 055B,E08000025,Birmingham,56.427,1406,1,0.637,529,1,0.265,3027,1,66.288,863,1,1.046,4258,2,0.896,5028,2,28.372,7820,3,31.754,8435,3,0.82,718,1,0.52,2157,1,0.866,5692,2,0.544,157,1,19.918,28672,9,4.477,2966,1,0.429,8500,3,0.545,7406,3,2116,594,201,1313
E01009477,Birmingham 055C,E08000025,Birmingham,62.364,783,1,0.774,51,1,0.282,2394,1,65.997,895,1,1.219,3090,1,0.617,8027,3,27.988,8139,3,43.604,3784,2,0.981,101,1,0.517,2210,1,1.085,3898,2,0.501,426,1,23.731,25809,8,4.159,3466,2,0.579,6524,2,1.273,2082,1,1867,590,185,1097
E01009478,Birmingham 048A,E08000025,Birmingham,62.373,781,1,0.678,283,1,0.31,1586,1,57.975,1884,1,1.359,2296,1,1.028,3878,2,35.43,3694,2,29.821,9368,3,0.809,807,1,0.579,1358,1,0.656,7783,3,0.495,478,1,22.431,26854,8,5.522,1526,1,0.184,12279,4,0.889,4121,2,2135,693,201,1247
E01009479,Birmingham 048B,E08000025,Birmingham,62.984,728,1,0.717,157,1,0.293,2037,1,65.356,951,1,0.902,5445,2,0.723,6729,2,35.895,3527,2,47.803,2690,1,0.956,147,1,0.685,529,1,0.769,6598,2,0.552,124,1,21.531,27536,9,5.637,1402,1,0.88,3245,1,0.714,5619,2,2205,532,249,1437
E01009480,Birmingham 044C,E08000025,Birmingham,54.739,1630,1,0.64,511,1,0.257,3366,1,59.081,1716,1,1.052,4218,2,0.39,11047,4,35.067,3867,2,35.228,6822,3,0.8,884,1,0.46,3228,1,0.765,6636,2,0.49,529,1,24.099,25513,8,5.368,1694,1,0.386,9137,3,0.968,3598,2,2104,673,191,1239
E01009481,Birmingham 044D,E08000025,Birmingham,46.111,3136,1,0.555,1510,1,0.215,5674,2,55.088,2326,1,0.242,12950,4,0.82,5701,2,28.473,7749,3,46.647,2960,1,0.743,1571,1,0.328,7026,3,0.588,8538,3,0.48,641,1,20.695,28151,9,4.455,2998,1,0.924,2858,1,0.422,8840,3,2789,795,307,1677
E01009482,Birmingham 048C,E08000025,Birmingham,68.835,334,1,0.758,71,1,0.321,1318,1,71.139,534,1,1.137,3611,2,0.597,8274,3,41.729,1653,1,48.198,2602,1,0.985,91,1,0.621,950,1,1.076,3980,2,0.558,103,1,20.631,28197,9,6.528,643,1,0.908,3005,1,0.649,6255,2,1729,490,187,1072
E01009483,Birmingham 051B,E08000025,Birmingham,67.226,431,1,0.737,109,1,0.3,1844,1,66.318,861,1,0.732,7120,3,0.959,4434,2,44.65,1059,1,54.74,1472,1,0.89,309,1,0.779,220,1,0.7,7308,3,0.597,31,1,18.142,29731,9,7.099,357,1,0.97,2500,1,1.013,3314,1,2093,620,172,1302
E01009484,Birmingham 048D,E08000025,Birmingham,66.219,503,1,0.726,136,1,0.331,1104,1,66.345,856,1,1.216,3108,1,0.819,5713,2,33.279,4697,2,41.368,4461,2,0.848,524,1,0.803,169,1,0.748,6785,3,0.573,64,1,20.103,28562,9,5.283,1791,1,0.677,5381,2,0.799,4859,2,1822,494,153,1181
E01009485,Birmingham 048E,E08000025,Birmingham,54.973,1594,1,0.643,477,1,0.23,4784,2,67.755,753,1,0.652,7954,3,0.112,15126,5,41.991,1604,1,40.597,4716,2,0.884,342,1,0.439,3735,2,0.894,5428,2,0.556,109,1,21.297,27708,9,6.537,637,1,0.852,3508,2,0.074,14220,5,2073,604,219,1261
E01009486,Birmingham 044E,E08000025,Birmingham,64.913,597,1,0.636,540,1,0.28,2471,1,68.908,681,1,1.277,2729,1,0.968,4365,2,39.497,2272,1,54.819,1462,1,0.735,1704,1,0.497,2536,1,1.019,4386,2,0.542,164,1,19.688,28825,9,6.249,847,1,1.05,1967,1,0.73,5478,2,2266,676,241,1362
E01009487,Birmingham 044F,E08000025,Birmingham,50.292,2318,1,0.608,807,1,0.265,3028,1,51.117,3026,1,0.67,7756,3,0.221,13484,4,32.053,5358,2,40.706,4681,2,0.744,1556,1,0.476,2913,1,-0.034,16927,6,0.513,349,1,18.361,29616,9,5.145,1955,1,0.789,4172,2,0.37,9601,3,2234,657,237,1345
E01009488,Birmingham 051C,E08000025,Birmingham,62.991,725,1,0.737,108,1,0.319,1367,1,65.334,953,1,0.974,4845,2,0.737,6582,2,35.962,3492,2,29.681,9445,3,0.933,199,1,0.645,760,1,0.901,5368,2,0.528,245,1,21.8,27344,9,5.636,1404,1,0.524,7225,3,0.047,14734,5,2571,756,299,1547
E01009489,Birmingham 051D,E08000025,Birmingham,63.709,663,1,0.622,650,1,0.298,1894,1,66.089,887,1,1.042,4295,2,0.679,7274,3,40.444,2004,1,59.6,891,1,0.723,1924,1,0.691,507,1,0.737,6904,3,0.572,67,1,18.503,29537,9,6.395,717,1,1.115,1573,1,0.897,4050,2,2068,614,176,1251
E01009490,Birmingham 055D,E08000025,Birmingham,57.797,1233,1,0.646,455,1,0.269,2878,1,64.153,1096,1,0.526,9364,3,1.076,3474,2,28.251,7913,3,51.723,1917,1,0.916,229,1,0.458,3273,1,0.914,5272,2,0.515,332,1,21.678,27435,9,4.361,3155,1,0.748,4602,2,1.548,1211,1,2217,600,253,1392
E01009491,Birmingham 051E,E08000025,Birmingham,57.46,1273,1,0.612,776,1,0.253,3571,2,65.033,985,1,0.866,5802,2,0.581,8481,3,40.976,1864,1,49.186,2399,1,0.774,1137,1,0.458,3285,1,0.754,6735,2,0.551,129,1,19.041,29204,9,6.46,677,1,1.008,2220,1,0.328,10165,4,2182,591,249,1317
E01009492,Birmingham 055E,E08000025,Birmingham,62.286,788,1,0.685,257,1,0.28,2473,1,69.992,613,1,1.1,3874,2,0.655,7554,3,36.647,3228,1,42.304,4157,2,0.871,392,1,0.543,1825,1,0.98,4699,2,0.568,76,1,20.765,28087,9,5.77,1252,1,0.735,4745,2,0.714,5621,2,2021,627,176,1199
E01009493,Birmingham 113D,E08000025,Birmingham,43.975,3601,2,0.409,5037,2,0.307,1669,1,26.763,10451,4,1.156,3485,2,1.203,2643,1,22.771,13458,4,30.407,9062,3,0.686,2624,1,0.195,13536,5,0.264,12654,4,0.305,8272,3,24.732,24939,8,2.924,5920,2,0.363,9472,3,0.577,7057,3,1942,370,494,1160
E01009494,Birmingham 109A,E08000025,Birmingham,57.509,1268,1,0.668,330,1,0.341,928,1,58.856,1745,1,1.313,2538,1,1.082,3439,2,10.687,29482,9,3.597,31027,10,0.84,579,1,0.547,1753,1,1.602,1170,1,0.37,3905,2,29.601,20217,6,-1.326,21910,7,-0.86,31259,10,-0.436,23791,8,1730,468,284,992
E01009495,Birmingham 106E,E08000025,Birmingham,50.75,2241,1,0.515,2187,1,0.332,1086,1,49.168,3400,2,1.076,4035,2,1.396,1655,1,22.441,13862,5,6.829,27314,9,0.681,2720,1,0.288,8629,3,1.094,3830,2,0.38,3366,1,32.892,16837,5,1.72,9175,3,-0.473,25769,8,-0.407,23201,7,1300,322,268,765
E01009496,Birmingham 109B,E08000025,Birmingham,11.617,23030,7,0.133,21929,7,0.094,19923,6,10.1,22587,7,0.086,15147,5,-0.043,17415,6,9.322,30755,10,18.178,16644,5,0.236,20607,7,0.075,25615,8,-0.517,24202,8,0.206,19276,6,29.171,20669,7,-1.85,24187,8,-0.112,18080,6,0.353,9821,3,1408,235,467,798
E01009497,Birmingham 109C,E08000025,Birmingham,23.979,11787,4,0.293,9934,3,0.148,11580,4,16.254,17116,6,0.537,9230,3,0.988,4199,2,19.581,17592,6,10.289,23483,7,0.449,9982,3,0.245,10618,4,-0.133,18418,6,0.242,14647,5,27.008,22843,7,1.868,8709,3,-0.36,23420,7,-0.096,17386,6,1746,337,378,1119
E01009498,Birmingham 119D,E08000025,Birmingham,55.764,1496,1,0.541,1732,1,0.313,1498,1,59.68,1627,1,1.289,2669,1,1.313,2032,1,28.451,7765,3,21.665,14129,5,0.795,930,1,0.418,4237,2,1.661,990,1,0.366,4113,2,29.219,20614,7,3.753,4238,2,0.323,10110,3,-0.374,22570,7,1747,454,272,1090
E01009499,Birmingham 119E,E08000025,Birmingham,40.87,4368,2,0.422,4605,2,0.244,4010,2,36.385,6565,2,1.142,3580,2,1.241,2426,1,20.534,16317,5,23.672,12863,4,0.568,5673,2,0.347,6336,2,0.734,6941,3,0.332,6253,2,25.461,24262,8,2.295,7498,3,0.245,11291,4,0.146,12990,4,1708,394,353,1075
E01009500,Birmingham 095E,E08000025,Birmingham,49.152,2504,1,0.502,2487,1,0.313,1507,1,47.373,3755,2,1.29,2664,1,1.361,1803,1,14.765,24496,8,14.403,19610,6,0.702,2300,1,0.406,4541,2,1.258,2757,1,0.344,5502,2,28.306,21587,7,0.354,14262,5,-0.048,16783,5,-0.266,20570,7,1560,369,296,971
E01009501,Birmingham 101B,E08000025,Birmingham,50.957,2195,1,0.523,2040,1,0.289,2192,1,53.011,2663,1,1.395,2139,1,1.218,2565,1,21.891,14573,5,20.175,15172,5,0.71,2163,1,0.411,4408,2,1.299,2526,1,0.378,3482,2,25.018,24701,8,2.691,6491,2,0.3,10426,4,-0.581,26218,8,1541,388,221,972
E01009502,Birmingham 101C,E08000025,Birmingham,47.236,2897,1,0.497,2579,1,0.291,2090,1,46.046,4035,2,1.276,2733,1,1.054,3655,2,20.272,16654,5,18.208,16615,5,0.697,2409,1,0.375,5428,2,1.114,3684,2,0.355,4730,2,26.87,22980,7,2.07,8125,3,0.064,14477,5,-0.051,16486,5,1432,342,275,858
E01009503,Birmingham 101D,E08000025,Birmingham,45.725,3222,1,0.443,3976,2,0.288,2207,1,53.013,2662,1,1.468,1803,1,0.789,5996,2,17.681,20316,7,16.684,17775,6,0.565,5769,2,0.367,5676,2,1.19,3172,1,0.393,2780,1,25.813,23962,8,1.506,9858,3,0.125,13331,4,-0.509,24997,8,1525,364,293,917
E01009504,Birmingham 109D,E08000025,Birmingham,14.721,19636,6,0.201,15573,5,0.132,13584,5,9.915,22776,7,-0.135,18426,6,0.075,15691,5,9.471,30630,10,16.416,17999,6,0.281,17836,6,0.114,20370,7,-0.228,19858,6,0.175,23885,8,26.515,23322,7,-1.157,21157,7,-0.192,19835,6,0.32,10284,4,1599,361,453,858
E01009505,Birmingham 101E,E08000025,Birmingham,43.79,3641,2,0.505,2414,1,0.269,2859,1,43.626,4590,2,1.397,2128,1,0.76,6338,2,14.498,24893,8,10.121,23645,8,0.707,2214,1,0.365,5757,2,1.273,2645,1,0.308,8090,3,28.021,21859,7,0.311,14424,5,-0.372,23680,8,-0.095,17369,6,1684,425,308,1017
E01009506,Birmingham 109E,E08000025,Birmingham,8.022,27438,9,0.159,19173,6,0.077,23704,8,3.974,29431,9,-0.344,21497,7,-0.661,26064,8,10.206,29968,9,10.117,23650,8,0.266,18691,6,0.071,26312,8,-1.244,31253,10,0.163,25676,8,29.661,20172,6,-1.55,22916,7,-0.215,20294,7,-0.504,24921,8,1532,314,472,810
E01009507,Birmingham 056B,E08000025,Birmingham,69.164,315,1,0.719,152,1,0.357,692,1,52.382,2790,1,1.667,1084,1,1.586,998,1,28.052,8102,3,39.044,5271,2,0.899,282,1,0.49,2641,1,0.796,6325,2,0.435,1376,1,23.315,26140,8,4.202,3396,2,0.6,6280,2,0.798,4869,2,1549,399,275,937
E01009508,Birmingham 056C,E08000025,Birmingham,32.666,7091,3,0.401,5301,2,0.188,7623,3,34.639,7197,3,0.737,7063,3,0.13,14846,5,24.262,11725,4,29.725,9421,3,0.668,2990,1,0.182,14440,5,0.003,16401,5,0.388,2974,1,28.474,21396,7,2.864,6053,2,0.343,9781,3,0.556,7263,3,1684,379,361,1035
E01009509,Birmingham 056D,E08000025,Birmingham,47.923,2738,1,0.51,2315,1,0.265,3058,1,52.45,2773,1,0.703,7396,3,0.847,5443,2,22.983,13208,4,50.032,2236,1,0.68,2753,1,0.33,6961,3,0.708,7231,3,0.445,1152,1,22.075,27146,9,3.218,5304,2,0.871,3331,1,0.95,3716,2,2073,496,278,1355
E01009510,Birmingham 056E,E08000025,Birmingham,62.79,742,1,0.61,784,1,0.368,540,1,57.485,1960,1,1.4,2113,1,1.341,1902,1,31.169,5879,2,18.736,16218,5,0.784,1031,1,0.345,6418,2,1.216,3008,1,0.418,1846,1,26.16,23654,8,4.577,2787,1,-0.092,17681,6,0.376,9518,3,1839,529,396,970
E01009511,Birmingham 054F,E08000025,Birmingham,57.082,1321,1,0.619,687,1,0.292,2052,1,55.886,2201,1,1.451,1876,1,1.005,4056,2,26.508,9421,3,29.004,9841,3,0.81,791,1,0.593,1193,1,0.99,4626,2,0.436,1348,1,26.444,23384,7,3.641,4455,2,0.082,14152,5,1.018,3286,1,1679,436,238,1023
E01009512,Birmingham 062A,E08000025,Birmingham,40.611,4431,2,0.468,3295,1,0.247,3874,2,35.766,6788,3,0.869,5762,2,1.051,3685,2,21.058,15588,5,25.265,11949,4,0.635,3788,2,0.313,7576,3,0.435,10369,4,0.361,4383,2,24.916,24798,8,2.48,6983,3,-0.276,21623,7,1.293,2001,1,2053,572,338,1194
E01009513,Birmingham 066F,E08000025,Birmingham,52.218,1994,1,0.588,1033,1,0.282,2404,1,48.004,3611,2,1.191,3279,1,0.84,5501,2,24.57,11356,4,37.025,6063,2,0.679,2767,1,0.504,2416,1,0.643,7919,3,0.422,1711,1,22.265,26991,8,3.577,4592,2,0.494,7638,3,0.881,4190,2,2141,731,180,1236
E01009514,Birmingham 062B,E08000025,Birmingham,47.342,2875,1,0.503,2446,1,0.289,2195,1,47.837,3644,2,1.355,2322,1,0.715,6838,3,21.877,14586,5,21.534,14224,5,0.668,2971,1,0.337,6711,2,0.733,6949,3,0.412,2029,1,27.286,22570,7,2.431,7142,3,-0.205,20103,6,0.84,4513,2,1739,458,367,949
E01009515,Birmingham 067C,E08000025,Birmingham,36.2,5731,2,0.401,5297,2,0.255,3513,2,27.304,10219,4,1.101,3860,2,-0.048,17494,6,19.724,17394,6,32.451,8094,3,0.562,5867,2,0.298,8185,3,-0.007,16550,5,0.336,5965,2,25.215,24517,8,2.113,7990,3,0.524,7227,3,0.362,9710,3,1676,325,446,995
E01009516,Birmingham 062C,E08000025,Birmingham,33.699,6677,2,0.401,5284,2,0.208,6109,2,32.622,7914,3,0.965,4917,2,0.35,11595,4,21.115,15506,5,22.432,13616,5,0.621,4143,2,0.324,7155,3,0.647,7865,3,0.311,7812,3,26.607,23228,7,2.316,7436,3,0.317,10202,4,-0.219,19736,6,1435,342,298,859
E01009517,Birmingham 062D,E08000025,Birmingham,44.31,3507,2,0.556,1493,1,0.268,2899,1,39.57,5603,2,1.075,4054,2,0.709,6920,3,20.163,16804,5,12.608,21220,7,0.812,782,1,0.454,3345,1,0.376,11135,4,0.392,2795,1,24.485,25170,8,2.306,7467,3,-0.368,23588,7,0.205,12090,4,1997,492,319,1234
E01009518,Birmingham 067D,E08000025,Birmingham,25.849,10569,4,0.294,9829,3,0.161,10150,4,26.38,10648,4,0.401,10899,4,0.459,10112,3,18.947,18477,6,31.498,8568,3,0.543,6497,2,0.178,14716,5,0.136,14452,5,0.316,7479,3,27.799,22063,7,1.601,9563,3,0.551,6881,3,0.176,12538,4,1725,320,432,1072
E01009519,Birmingham 072C,E08000025,Birmingham,18.916,15564,5,0.236,13166,4,0.125,14565,5,20.056,14318,5,0.047,15732,5,0.222,13474,4,17.062,21216,7,24.002,12671,4,0.467,9219,3,0.112,20531,7,-0.02,16736,5,0.271,11461,4,28.939,20935,7,0.918,11967,4,0.415,8699,3,-0.368,22485,7,1469,274,370,907
E01009520,Birmingham 072D,E08000025,Birmingham,17.917,16432,5,0.209,14985,5,0.124,14615,5,16.925,16607,5,0.102,14901,5,-0.269,20664,7,17.462,20632,7,31.319,8648,3,0.315,15975,5,0.186,14157,5,-0.153,18723,6,0.251,13565,5,27.118,22737,7,1.294,10611,4,0.618,6076,2,-0.079,17039,6,1781,346,454,1105
E01009521,Birmingham 067E,E08000025,Birmingham,24.252,11589,4,0.269,11210,4,0.131,13687,5,21.535,13345,4,0.142,14321,5,0.505,9463,3,16.19,22528,7,48.196,2603,1,0.513,7568,3,0.127,18913,6,-0.23,19882,6,0.304,8404,3,23.234,26207,8,1.378,10296,4,0.808,3986,2,1.017,3292,1,1725,306,355,1149
E01032589,Birmingham 132E,E08000025,Birmingham,20.058,14668,5,0.239,13002,4,0.137,12881,4,17.043,16516,5,0.442,10390,4,-0.108,18396,6,15.475,23544,7,28.955,9864,3,0.323,15565,5,0.202,13122,4,-0.176,19080,6,0.255,13168,4,26.168,23649,8,0.854,12198,4,0.395,8998,3,0.346,9933,3,1523,284,403,909
E01032591,Birmingham 133F,E08000025,Birmingham,14.992,19332,6,0.187,16715,5,0.101,18429,6,17.819,15909,5,-0.185,19143,6,-0.533,24356,8,27.844,8252,3,9.65,24136,8,0.397,12080,4,0.079,25002,8,-0.465,23460,7,0.287,9949,3,36.759,13024,4,2.379,7272,3,-0.211,20235,6,-0.626,26879,8,1567,263,397,982
E01033557,Birmingham 134B,E08000025,Birmingham,16.798,17471,6,0.085,28135,9,0.058,28659,9,7.082,25852,8,0.726,7172,3,1.52,1193,1,19.686,17450,6,20.007,15277,5,0.295,17075,6,0.183,14379,5,-0.278,20615,7,0.133,29560,9,11.528,32249,10,2.883,6017,2,-0.501,26304,8,1.087,2899,1,2146,124,58,1965
E01033559,Birmingham 049E,E08000025,Birmingham,23.302,12244,4,0.229,13673,5,0.107,17342,6,34.519,7236,3,0.387,11070,4,0.352,11567,4,24.482,11463,4,31.196,8696,3,0.895,290,1,0.274,9195,3,1.508,1520,1,0.137,29196,9,12.251,32042,10,3.951,3842,2,0.024,15244,5,1.335,1851,1,1677,124,56,1518
E01033561,Birmingham 050E,E08000025,Birmingham,27.232,9750,3,0.274,10923,4,0.098,19116,6,30.884,8584,3,0.765,6790,3,0.469,9975,3,34.133,4262,2,31.815,8406,3,0.65,3399,2,0.982,13,1,0.457,10107,3,0.321,7118,3,14.226,31509,10,5.607,1440,1,-0.142,18735,6,1.693,870,1,2887,478,103,2037
E01033562,Birmingham 087F,E08000025,Birmingham,25.106,11043,4,0.316,8775,3,0.176,8646,3,11.448,21327,7,0.82,6247,2,0.102,15289,5,16.688,21810,7,27.541,10629,4,0.526,7072,3,0.268,9493,3,-0.389,22374,7,0.212,18501,6,24.097,25514,8,1.427,10116,3,0.334,9942,3,0.359,9754,3,2442,452,403,1641
E01033564,Birmingham 136C,E08000025,Birmingham,13.626,20793,7,0.154,19695,6,0.066,26647,8,11.117,21637,7,0.411,10759,4,0.467,10008,3,19.454,17779,6,12.559,21270,7,0.51,7681,3,0.906,80,1,0.106,14894,5,0.142,28562,9,12.292,32031,10,2.803,6193,2,-0.6,28105,9,0.491,8003,3,1226,110,23,1098
E01033565,Birmingham 137B,E08000025,Birmingham,13.336,21092,7,0.084,28248,9,0.055,29242,9,1.649,32122,10,0.883,5629,2,0.283,12544,4,17.93,19951,6,32.722,7978,3,0.34,14720,5,0.325,7141,3,-1.115,30418,10,0.097,32394,10,12.066,32099,10,2.437,7117,3,0.047,14812,5,1.437,1520,1,1550,63,50,1445
E01033567,Birmingham 135B,E08000025,Birmingham,14.163,20222,6,0.059,31302,10,0.032,33118,10,3.794,29655,9,-0.021,16749,5,1.572,1029,1,15.36,23697,8,37.937,5701,2,0.206,22557,7,0.257,10032,3,-0.97,29304,9,0.148,27826,9,11.361,32301,10,1.789,8952,3,0.142,13047,4,1.73,786,1,1274,96,21,1158
E01033615,Birmingham 135C,E08000025,Birmingham,20.701,14165,5,0.095,26719,8,0.063,27424,9,14.99,18147,6,0.367,11321,4,1.988,285,1,17.153,21076,7,40.356,4798,2,0.442,10246,4,0.344,6447,2,0.44,10312,4,0.137,29095,9,11.076,32368,10,2.265,7579,3,0.284,10657,4,1.674,921,1,1525,91,18,1407
E01033616,Birmingham 135D,E08000025,Birmingham,38.868,4899,2,0.378,6108,2,0.212,5844,2,15.718,17538,6,1.209,3159,1,1.67,771,1,17.897,20013,6,42.479,4097,2,0.794,943,1,0.734,339,1,-0.343,21642,7,0.256,13059,4,10.743,32445,10,2.455,7059,3,0.312,10269,4,1.803,647,1,1403,163,104,1185
E01033617,Birmingham 050F,E08000025,Birmingham,14.3,20084,6,0.035,33117,10,0.016,33683,10,17.304,16291,5,0.258,12733,4,0.152,14535,5,18.228,19513,6,54.111,1541,1,0.248,19788,6,0.671,606,1,0.509,9468,3,0.162,25769,8,12.153,32072,10,2.502,6930,3,0.79,4161,2,1.633,1006,1,6159,164,32,5843
E01033618,Birmingham 137C,E08000025,Birmingham,6.278,29438,9,0.069,30186,9,0.041,32123,10,5.635,27496,9,-0.211,19502,6,-0.311,21293,7,14.267,25160,8,18.978,16027,5,0.301,16757,5,0.196,13509,5,-0.285,20722,7,0.067,33411,10,13.272,31779,10,1.445,10056,3,-0.251,21082,7,0.677,5996,2,1212,65,59,1118
E01033620,Birmingham 138A,E08000025,Birmingham,28.579,8998,3,0.162,18866,6,0.156,10663,4,13.372,19526,6,1.729,909,1,0.982,4244,2,19.783,17321,6,27.803,10478,4,0.956,146,1,0.609,1048,1,0.333,11725,4,0.133,29608,9,10.391,32525,10,2.929,5909,2,-0.231,20665,7,1.462,1434,1,1236,27,47,1178
E01033622,Birmingham 138B,E08000025,Birmingham,12.672,21807,7,0.106,25252,8,0.054,29692,9,17.362,16245,5,0.139,14364,5,0.218,13532,5,19.513,17687,6,27.758,10496,4,0.366,13469,4,0.713,409,1,0.683,7476,3,0.101,32197,10,11.561,32240,10,2.833,6117,2,-0.118,18221,6,1.274,2074,1,1907,132,37,1759
E01033623,Birmingham 138C,E08000025,Birmingham,29.142,8708,3,0.247,12489,4,0.193,7196,3,16.565,16860,5,1.386,2181,1,0.426,10564,4,20.66,16141,5,26.423,11293,4,0.667,3006,1,0.786,206,1,0.407,10742,4,0.172,24324,8,11.574,32236,10,3.12,5495,2,-0.26,21278,7,1.378,1701,1,1480,43,41,1426
E01033624,Birmingham 134C,E08000025,Birmingham,23.985,11778,4,0.324,8364,3,0.133,13446,4,12.856,20005,6,1.175,3366,1,0.22,13517,5,19.583,17587,6,8.552,25379,8,0.63,3911,2,0.78,217,1,0.185,13747,5,0.157,26509,8,13.326,31767,10,2.811,6173,2,-0.981,32191,10,0.299,10605,4,1599,276,81,1241
E01033625,Birmingham 138D,E08000025,Birmingham,8.148,27277,9,0.054,31701,10,0.028,33338,10,8.529,24221,8,-0.282,20592,7,0.065,15832,5,14.75,24523,8,32.544,8058,3,0.181,24463,8,0.14,17613,6,0.014,16240,5,0.083,32952,10,11.867,32161,10,1.621,9506,3,0.024,15238,5,1.458,1446,1,1867,121,55,1721
E01033626,Birmingham 134D,E08000025,Birmingham,25.79,10610,4,0.352,7115,3,0.139,12646,4,20.23,14202,5,0.848,5987,2,0.377,11232,4,20.6,16233,5,16.684,17776,6,0.69,2538,1,0.923,66,1,0.593,8476,3,0.187,22141,7,12.883,31864,10,3.074,5595,2,-0.624,28479,9,0.896,4064,2,1259,253,81,934
E01033627,Birmingham 137E,E08000025,Birmingham,47.179,2908,1,0.561,1434,1,0.278,2521,1,32.406,8001,3,1.292,2655,1,0.579,8517,3,27.934,8178,3,22.236,13758,5,0.863,426,1,0.641,792,1,0.612,8278,3,0.314,7570,3,12.67,31921,10,4.603,2743,1,-0.058,16948,6,0.659,6162,2,1077,220,131,759
E01033629,Birmingham 106F,E08000025,Birmingham,49.661,2424,1,0.536,1805,1,0.316,1422,1,38.137,6002,2,1.142,3574,2,1.165,2892,1,25.619,10257,4,15.197,18956,6,0.836,602,1,0.328,7007,3,0.943,5011,2,0.317,7342,3,29.834,19994,6,3.012,5726,2,-0.043,16659,5,-0.162,18604,6,2581,599,462,1594
E01033630,Birmingham 031H,E08000025,Birmingham,45.734,3218,1,0.412,4948,2,0.265,3052,1,32.802,7851,3,1.544,1501,1,1.5,1255,1,28.866,7407,3,18.209,16614,5,0.593,4941,2,0.724,371,1,0.821,6103,2,0.288,9871,3,21.898,27271,9,4.464,2988,1,-0.348,23161,7,0.743,5362,2,1192,227,100,899
E01033638,Birmingham 049F,E08000025,Birmingham,64.268,629,1,0.784,38,1,0.356,707,1,52.806,2703,1,1.294,2642,1,0.968,4364,2,28.799,7464,3,27.502,10650,4,0.921,217,1,0.623,933,1,0.505,9524,3,0.47,748,1,14.113,31535,10,4.729,2548,1,-0.081,17440,6,1.179,2443,1,1937,578,220,1151
E01033640,Birmingham 134E,E08000025,Birmingham,31.862,7429,3,0.362,6736,2,0.155,10705,4,20.876,13773,5,0.677,7693,3,1.549,1096,1,15.611,23343,7,35.748,6588,2,0.618,4222,2,0.717,400,1,0.193,13647,5,0.255,13072,4,13.746,31656,10,1.795,8934,3,0.108,13668,5,1.604,1076,1,2353,480,119,1765
E01033642,Birmingham 063F,E08000025,Birmingham,49.948,2380,1,0.646,461,1,0.238,4358,2,55.905,2199,1,0.392,11006,4,0.2,13800,5,30.592,6240,2,42.089,4229,2,0.805,841,1,0.546,1790,1,0.287,12320,4,0.524,268,1,20.978,27943,9,4.801,2440,1,0.829,3750,2,0.352,9839,3,3439,993,373,2086
E01033643,Birmingham 082F,E08000025,Birmingham,56.794,1356,1,0.634,553,1,0.272,2759,1,61.337,1424,1,0.514,9519,3,0.467,10004,3,28.837,7431,3,65.206,499,1,0.737,1664,1,0.64,796,1,0.509,9472,3,0.551,128,1,17.526,30061,9,4.639,2682,1,1.217,1060,1,0.98,3516,2,3309,911,392,2038
E01033646,Birmingham 031I,E08000025,Birmingham,60.849,907,1,0.517,2153,1,0.324,1239,1,42.135,4938,2,1.987,412,1,1.88,414,1,20.441,16423,5,49.048,2420,1,0.644,3569,2,0.576,1391,1,0.277,12450,4,0.416,1884,1,20.23,28483,9,2.726,6394,2,0.653,5670,2,1.591,1114,1,1874,336,254,1365
E01033648,Birmingham 084F,E08000025,Birmingham,60.93,902,1,0.692,232,1,0.319,1368,1,50.944,3061,1,0.844,6029,2,0.851,5400,2,31.541,5672,2,51.607,1954,1,0.988,84,1,0.448,3499,2,0.426,10485,4,0.464,834,1,17.742,29920,9,5.09,2039,1,1.045,1998,1,0.432,8709,3,2720,648,388,1735
E01033649,Birmingham 058F,E08000025,Birmingham,62.691,755,1,0.744,98,1,0.266,2994,1,64.661,1027,1,1.162,3444,2,0.568,8648,3,36.637,3236,1,48.361,2577,1,0.933,196,1,0.678,574,1,0.642,7941,3,0.573,63,1,19.555,28909,9,5.818,1206,1,0.9,3083,1,0.699,5766,2,2032,672,125,1193
E01033650,Birmingham 077F,E08000025,Birmingham,57.903,1221,1,0.676,295,1,0.273,2729,1,57.989,1881,1,0.837,6077,2,0.192,13926,5,36.633,3237,1,51.129,2041,1,0.883,346,1,0.544,1802,1,0.286,12329,4,0.546,150,1,15.872,30858,10,5.927,1104,1,1.104,1640,1,0.1,13762,5,2923,796,363,1748
E01034913,Birmingham 014F,E08000025,Birmingham,43.914,3612,2,0.489,2765,1,0.258,3329,1,34.062,7393,3,1.431,1968,1,0.985,4221,2,22.703,13550,5,15.795,18470,6,0.702,2302,1,0.638,809,1,0.501,9572,3,0.342,5599,2,23.025,26389,8,3.067,5612,2,-0.597,28057,9,0.799,4862,2,1126,265,130,747
E01034914,Birmingham 014G,E08000025,Birmingham,41.258,4272,2,0.498,2560,1,0.274,2681,1,40.052,5479,2,0.944,5097,2,0.704,6977,3,17.495,20586,7,11.485,22294,7,0.6,4728,2,0.546,1783,1,0.745,6812,3,0.359,4512,2,24.067,25528,8,1.65,9395,3,-0.6,28109,9,0.381,9422,3,1960,539,305,1139
E01034915,Birmingham 023G,E08000025,Birmingham,64.611,613,1,0.776,48,1,0.37,520,1,45.46,4169,2,1.541,1516,1,0.987,4207,2,30.489,6305,2,16.232,18131,6,0.906,266,1,0.91,77,1,0.652,7823,3,0.406,2275,1,21.259,27739,9,4.766,2487,1,-0.733,29923,9,0.929,3852,2,1916,790,66,1037
E01034916,Birmingham 023H,E08000025,Birmingham,26.35,10279,4,0.246,12542,4,0.174,8843,3,16.403,16994,6,-0.004,16475,5,0.781,6094,2,19.411,17841,6,49.92,2254,1,0.332,15156,5,0.237,11073,4,0.067,15447,5,0.221,17237,6,21.271,27728,9,2.395,7235,3,0.949,2672,1,0.658,6172,2,1493,256,379,966
E01034917,Birmingham 035H,E08000025,Birmingham,51.086,2180,1,0.625,622,1,0.291,2103,1,43.477,4618,2,0.737,7064,3,0.934,4651,2,22.659,13607,5,33.17,7738,3,0.82,716,1,0.595,1175,1,-0.191,19313,6,0.459,909,1,20.244,28479,9,3.274,5196,2,0.572,6611,2,0.295,10679,4,1663,394,202,1088
E01034918,Birmingham 035I,E08000025,Birmingham,48.71,2589,1,0.548,1627,1,0.284,2341,1,37.043,6343,2,0.805,6394,2,0.894,5039,2,22.615,13662,5,49.589,2329,1,0.696,2435,1,0.417,4272,2,-0.244,20090,6,0.418,1832,1,16.699,30494,10,3.442,4849,2,0.81,3960,2,1.136,2652,1,1737,404,233,1111
E01034919,Birmingham 037G,E08000025,Birmingham,56.76,1363,1,0.703,196,1,0.278,2522,1,57.658,1931,1,-0.02,16737,5,0.567,8659,3,28.893,7380,3,60.709,806,1,0.965,117,1,0.598,1143,1,0.119,14699,5,0.57,72,1,15.229,31116,10,4.717,2563,1,1.135,1464,1,0.92,3913,2,1698,421,236,1075
E01034920,Birmingham 037H,E08000025,Birmingham,54.252,1689,1,0.666,338,1,0.265,3056,1,56.609,2092,1,0.543,9150,3,0.103,15268,5,28.392,7804,3,54.616,1489,1,0.872,388,1,0.553,1677,1,0.022,16113,5,0.569,73,1,14.768,31306,10,4.64,2678,1,1.187,1197,1,0.057,14535,5,1856,478,178,1181
E01034921,Birmingham 039I,E08000025,Birmingham,57.856,1226,1,0.517,2149,1,0.234,4553,2,65.373,949,1,0.813,6324,2,1.576,1019,1,36.087,3442,2,68.299,308,1,0.669,2957,1,0.433,3866,2,0.845,5883,2,0.538,187,1,15.311,31074,10,5.854,1168,1,1.184,1213,1,1.419,1574,1,1417,356,194,900
E01034922,Birmingham 039J,E08000025,Birmingham,49.245,2489,1,0.499,2554,1,0.255,3503,2,53.959,2510,1,0.805,6397,2,0.986,4212,2,31.213,5858,2,46.918,2898,1,0.626,4036,2,0.383,5213,2,0.479,9795,3,0.483,606,1,16.292,30673,10,5.084,2049,1,0.861,3423,2,0.703,5730,2,1591,397,223,1039
E01034923,Birmingham 041H,E08000025,Birmingham,60.369,963,1,0.702,197,1,0.318,1383,1,56.791,2068,1,0.871,5747,2,0.848,5430,2,24.632,11285,4,47.85,2677,1,0.858,459,1,0.769,250,1,0.178,13852,5,0.547,145,1,14.485,31411,10,3.935,3870,2,0.671,5459,2,1.421,1567,1,1780,437,233,1129
E01034924,Birmingham 041I,E08000025,Birmingham,52.137,2007,1,0.615,731,1,0.263,3121,1,54.118,2480,1,0.803,6416,2,0.125,14909,5,28.877,7395,3,50.248,2193,1,0.845,543,1,0.633,851,1,0.149,14279,5,0.522,277,1,15.371,31056,10,4.71,2573,1,0.893,3144,1,0.892,4095,2,1572,329,188,1054
E01034925,Birmingham 041J,E08000025,Birmingham,48.859,2558,1,0.644,469,1,0.236,4437,2,47.652,3693,2,0.992,4700,2,0.626,7915,3,25.788,10076,3,23.846,12759,4,0.782,1051,1,0.685,538,1,-0.065,17376,6,0.484,600,1,13.336,31763,10,4.188,3415,2,-0.687,29338,9,1.611,1049,1,1609,547,150,929
E01034926,Birmingham 041K,E08000025,Birmingham,61.28,877,1,0.702,201,1,0.31,1588,1,52.681,2728,1,1.589,1342,1,0.586,8423,3,36.046,3464,2,23.565,12931,4,0.935,187,1,0.667,629,1,0.196,13599,5,0.504,412,1,14.354,31465,10,5.869,1154,1,-0.369,23622,7,1.266,2111,1,1514,368,220,941
E01034927,Birmingham 043D,E08000025,Birmingham,57.247,1298,1,0.767,64,1,0.335,1028,1,43.538,4604,2,0.838,6071,2,0.499,9559,3,28.806,7455,3,26.46,11272,4,0.909,252,1,0.927,64,1,-0.464,23454,7,0.477,669,1,16.826,30421,10,4.659,2654,1,-0.438,25036,8,1.621,1027,1,1786,602,163,1039
E01034928,Birmingham 043E,E08000025,Birmingham,61.088,892,1,0.834,12,1,0.35,790,1,48.021,3605,2,1.24,2956,1,0.225,13426,4,33.001,4823,2,21.277,14414,5,0.92,220,1,0.914,73,1,-0.59,25177,8,0.526,260,1,17.963,29815,9,5.322,1751,1,-0.473,25771,8,1.173,2471,1,1492,582,81,832
E01034929,Birmingham 050G,E08000025,Birmingham,60.82,914,1,0.716,160,1,0.363,610,1,59.074,1717,1,0.744,6995,3,0.215,13599,5,36.147,3421,2,23.517,12956,4,0.788,993,1,0.834,135,1,0.297,12206,4,0.558,102,1,12.7,31916,10,5.905,1118,1,-0.187,19718,6,0.991,3443,2,1533,611,69,826
E01034930,Birmingham 050H,E08000025,Birmingham,31.238,7705,3,0.239,12997,4,0.127,14300,5,30.671,8666,3,1.498,1682,1,1.121,3173,1,17.443,20657,7,36.451,6303,2,0.525,7124,3,0.966,39,1,0.517,9362,3,0.311,7844,3,12.295,32029,10,2.307,7461,3,0.277,10778,4,1.321,1898,1,2612,307,40,2167
E01034931,Birmingham 051F,E08000025,Birmingham,49.178,2499,1,0.61,789,1,0.214,5703,2,56.723,2075,1,0.659,7880,3,0.007,16674,5,37.76,2843,1,41.058,4574,2,0.814,759,1,0.631,861,1,0.222,13237,4,0.541,175,1,17.606,30003,9,6.063,999,1,0.862,3410,2,0.081,14102,5,1919,537,160,1217
E01034932,Birmingham 051G,E08000025,Birmingham,52.532,1944,1,0.588,1035,1,0.256,3446,2,52.934,2678,1,0.834,6114,2,0.762,6314,2,35.865,3533,2,42.921,3971,2,0.678,2774,1,0.627,893,1,0.349,11490,4,0.49,541,1,18.058,29774,9,5.758,1270,1,0.468,7961,3,1.486,1357,1,1616,444,169,1026
E01034933,Birmingham 052G,E08000025,Birmingham,65.121,582,1,0.688,247,1,0.324,1236,1,63.141,1190,1,1.333,2436,1,0.754,6388,2,32.481,5122,2,46.024,3111,1,0.928,206,1,0.657,682,1,0.668,7636,3,0.544,156,1,19.516,28922,9,5.17,1922,1,0.816,3882,2,0.786,4965,2,1499,373,146,993
E01034934,Birmingham 052H,E08000025,Birmingham,65.23,578,1,0.755,76,1,0.328,1162,1,58.655,1773,1,1.157,3475,2,0.655,7559,3,36.282,3359,1,44.854,3411,2,0.873,384,1,0.806,164,1,0.597,8430,3,0.51,362,1,19.794,28749,9,5.759,1267,1,0.712,4997,2,1.013,3309,1,1641,560,114,969
E01034935,Birmingham 058G,E08000025,Birmingham,64.016,645,1,0.722,147,1,0.288,2222,1,61.099,1454,1,1.064,4127,2,0.735,6610,2,34.165,4253,2,59.507,901,1,0.852,497,1,0.625,914,1,0.434,10383,4,0.561,91,1,17.646,29983,9,5.52,1529,1,1.094,1687,1,0.974,3562,2,3369,1020,248,2055
E01034936,Birmingham 079G,E08000025,Birmingham,4.431,31489,10,0.023,33563,10,0.011,33728,10,2.13,31571,10,-0.936,28898,9,-1.147,30870,10,14.98,24202,8,31.231,8676,3,0.095,30710,10,0.037,31977,10,-1.005,29596,9,0.106,31910,10,25.77,23998,8,0.76,12566,4,0.241,11352,4,0.905,3996,2,2590,180,389,1973
E01034937,Birmingham 079H,E08000025,Birmingham,4.943,30957,10,0.03,33363,10,0.016,33687,10,1.626,32153,10,-0.437,22870,7,-0.963,29420,9,11.44,28650,9,31.855,8382,3,0.115,29441,9,0.066,27196,9,-1.108,30375,9,0.095,32505,10,28.478,21390,7,-0.762,19369,6,0.386,9140,3,0.662,6140,2,2535,175,213,2165
E01034938,Birmingham 088F,E08000025,Birmingham,43.566,3689,2,0.511,2272,1,0.233,4642,2,40.213,5424,2,1.005,4597,2,0.043,16141,5,27.702,8366,3,45.154,3327,1,0.763,1288,1,0.475,2937,1,0.049,15712,5,0.42,1752,1,19.946,28651,9,4.348,3173,1,0.998,2296,1,-0.095,17375,6,1886,423,223,1265
E01034939,Birmingham 088G,E08000025,Birmingham,53.46,1800,1,0.556,1499,1,0.288,2235,1,43.174,4693,2,1.436,1940,1,0.485,9729,3,26.119,9777,3,54.085,1544,1,0.726,1859,1,0.49,2648,1,0.032,15974,5,0.442,1227,1,17.995,29799,9,4.111,3549,2,0.963,2557,1,0.983,3507,2,1654,354,263,1095
E01034940,Birmingham 096H,E08000025,Birmingham,23.351,12220,4,0.094,26852,8,0.035,32847,10,54.87,2360,1,0.486,9823,3,0.698,7051,3,16.32,22363,7,56.288,1255,1,0.497,8135,3,0.935,60,1,1.913,481,1,0.282,10297,4,16.652,30518,10,1.872,8697,3,0.956,2619,1,1.219,2294,1,2684,139,17,2500
E01034941,Birmingham 096I,E08000025,Birmingham,18.533,15905,5,0.045,32503,10,0.027,33373,10,67.963,739,1,0.587,8665,3,-0.633,25717,8,11.7,28362,9,30.778,8879,3,0.58,5314,2,0.41,4424,2,2.122,231,1,0.363,4277,2,18.28,29658,9,0.508,13606,5,0.53,7138,3,0.155,12851,4,2135,36,24,2084
E01034942,Birmingham 125H,E08000025,Birmingham,26.435,10222,4,0.341,7588,3,0.167,9537,3,25.946,10886,4,0.191,13675,5,0.824,5659,2,25.221,10632,4,4.992,29498,9,0.448,10019,3,0.269,9436,3,0.873,5628,2,0.203,19743,6,30.806,18967,6,2.771,6281,2,-1.215,33202,10,-0.067,16790,5,1913,554,119,1249
E01034943,Birmingham 125I,E08000025,Birmingham,62.102,802,1,0.561,1435,1,0.376,464,1,63.635,1148,1,1.454,1862,1,1.475,1345,1,26.6,9337,3,17.123,17424,6,0.829,654,1,0.381,5253,2,1.417,1931,1,0.429,1507,1,30.142,19674,6,3.214,5312,2,-0.064,17059,6,0.133,13208,4,1660,364,412,962
E01034944,Birmingham 129E,E08000025,Birmingham,30.026,8259,3,0.313,8928,3,0.151,11183,4,21.6,13297,4,1.127,3676,2,1.519,1196,1,11.539,28551,9,18.175,16649,5,0.458,9627,3,0.288,8619,3,0.647,7864,3,0.194,21082,7,24.752,24925,8,-0.128,16462,5,-0.485,25994,8,0.9,4035,2,1461,311,424,771
E01034945,Birmingham 129F,E08000025,Birmingham,28.529,9023,3,0.344,7447,3,0.199,6792,3,29.368,9235,3,0.24,12964,4,0.905,4943,2,18.685,18851,6,11.721,22083,7,0.556,6049,2,0.254,10186,4,0.737,6896,3,0.266,11957,4,32.543,17169,6,0.738,12638,4,-0.532,26905,8,0.333,10098,3,1498,304,349,964
E01034946,Birmingham 135E,E08000025,Birmingham,39.124,4818,2,0.428,4425,2,0.229,4847,2,11.41,21373,7,1.515,1608,1,1.326,1972,1,18.74,18782,6,26.839,11036,4,0.788,988,1,0.888,90,1,-0.571,24921,8,0.225,16655,5,13.467,31729,10,2.609,6684,2,-0.192,19816,6,1.31,1932,1,1150,121,99,968
E01034947,Birmingham 135F,E08000025,Birmingham,37.199,5382,2,0.421,4626,2,0.182,8103,3,24.466,11665,4,0.877,5693,2,1.444,1457,1,23.547,12537,4,35.31,6784,3,0.766,1246,1,0.489,2665,1,-0.073,17503,6,0.318,7323,3,13.923,31597,10,3.737,4269,2,0.229,11543,4,1.313,1925,1,1803,361,151,1333
E01034948,Birmingham 136E,E08000025,Birmingham,29.482,8524,3,0.355,7015,3,0.147,11600,4,23.765,12019,4,0.064,15507,5,1.45,1433,1,17.84,20108,6,35.814,6555,2,0.773,1149,1,0.73,351,1,0.404,10777,4,0.258,12759,4,12.574,31950,10,2.403,7212,3,0.333,9957,3,1.141,2622,1,1901,284,95,1526
E01034949,Birmingham 136F,E08000025,Birmingham,27.967,9321,3,0.33,8084,3,0.158,10472,4,17.573,16105,5,0.634,8146,3,1.024,3916,2,16.74,21724,7,32.641,8016,3,0.681,2739,1,0.58,1345,1,0.229,13127,4,0.213,18258,6,13.938,31592,10,2.086,8074,3,0.235,11441,4,1.048,3113,1,1373,214,84,1090
E01034950,Birmingham 137F,E08000025,Birmingham,8.844,26401,8,0.035,33148,10,0.017,33674,10,2.227,31454,10,0.034,15928,5,-0.046,17466,6,20.559,16286,5,35.284,6796,3,0.158,26150,8,0.18,14564,5,-0.817,27828,9,0.052,33643,10,11.379,32297,10,3.098,5536,2,0.563,6728,2,0.542,7436,3,1212,50,20,1144
E01034951,Birmingham 137G,E08000025,Birmingham,18.247,16144,5,0.265,11401,4,0.091,20504,7,8.547,24197,8,0.451,10273,4,0.407,10810,4,21.577,14948,5,18.497,16400,5,0.981,99,1,0.489,2657,1,-0.213,19653,6,0.152,27236,9,11.872,32160,10,3.339,5053,2,-0.309,22340,7,0.717,5604,2,1143,81,57,1033
E01034952,Birmingham 142B,E08000025,Birmingham,56.295,1433,1,0.731,127,1,0.291,2098,1,45.345,4198,2,0.488,9795,3,0.336,11790,4,23.676,12401,4,63.214,637,1,0.892,306,1,0.61,1043,1,0.416,10612,4,0.425,1610,1,21.421,27623,9,3.428,4876,2,1.226,1017,1,0.757,5211,2,1293,409,97,791
E01034953,Birmingham 142C,E08000025,Birmingham,54.654,1639,1,0.654,407,1,0.251,3659,2,54.622,2395,1,0.75,6938,3,0.486,9722,3,26.295,9625,3,59.028,953,1,0.779,1075,1,0.565,1526,1,0.167,14010,5,0.526,259,1,19.287,29053,9,4.089,3588,2,1.158,1343,1,0.672,6034,2,1580,451,167,947
E01034954,Birmingham 143A,E08000025,Birmingham,49.848,2389,1,0.616,720,1,0.233,4604,2,45.877,4073,2,0.83,6149,2,0.302,12250,4,21.771,14697,5,61.542,752,1,0.833,618,1,0.451,3435,2,0.401,10821,4,0.43,1481,1,20.645,28186,9,3.021,5711,2,1.288,798,1,0.334,10087,3,1709,502,142,1070
E01034955,Birmingham 143B,E08000025,Birmingham,45.634,3242,1,0.605,837,1,0.213,5797,2,46.697,3904,2,0.496,9687,3,0.232,13327,4,23.193,12945,4,51.584,1956,1,0.761,1320,1,0.346,6372,2,-0.097,17897,6,0.478,658,1,20.094,28566,9,3.409,4924,2,0.955,2628,1,0.791,4930,2,2215,688,227,1348
